product_id,sku,product_name,category,subcategory,brand,model,unit,mrp,typical_selling_price,minimum_selling_price,typical_purchase_cost,preferred_supplier_id,alternate_supplier_ids,gross_margin_target,weight_kg,volume_liters,product_lifecycle_stage,launch_date,discontinuation_date,demand_score,seasonality_profile,price_sensitivity,substitution_group,return_probability,warranty_months,slow_moving_probability,is_accessory,min_qty_per_txn,max_qty_per_txn
PRD00001,SKU-SMA-00001,Ionix Budget Smartphones IO481,smartphones,budget,Ionix,IO481,pcs,6900.0,6088.99,5524.45,5416.13,SUP021,SUP004|SUP016,0.1105,0.275,0.152,mature,2023-06-09,,0.1407,"{1: 0.959, 2: 0.865, 3: 0.945, 4: 0.938, 5: 1.002, 6: 0.816, 7: 0.927, 8: 1.065, 9: 1.074, 10: 1.441, 11: 1.447, 12: 1.118}",0.513,smartphones:budget,0.0243,12,0.5693,False,1,1
PRD00002,SKU-SMA-00002,Griplex Flagship Smartphones GR281,smartphones,flagship,Griplex,GR281,pcs,45760.0,34320.0,31792.07,31168.7,SUP021,SUP004|SUP016,0.0918,2.67,0.2,growth,2023-12-23,,1.7617,"{1: 1.028, 2: 1.021, 3: 1.15, 4: 1.021, 5: 0.892, 6: 0.85, 7: 0.928, 8: 0.958, 9: 1.204, 10: 1.571, 11: 1.364, 12: 1.119}",0.851,smartphones:flagship,0.032,12,0.2179,False,1,1
PRD00003,SKU-SMA-00003,Ionix Budget Smartphones IO781,smartphones,budget,Ionix,IO781,pcs,56280.0,42210.0,38726.82,37967.47,SUP016,SUP021|SUP004,0.1005,0.18,0.153,mature,2024-08-21,,0.4911,"{1: 1.141, 2: 0.866, 3: 0.99, 4: 0.966, 5: 0.892, 6: 0.932, 7: 0.849, 8: 0.92, 9: 1.083, 10: 1.526, 11: 1.263, 12: 0.973}",0.119,smartphones:budget,0.0394,24,0.4682,False,1,1
PRD00004,SKU-SMA-00004,Wyvern Mid-Range Smartphones WY476,smartphones,mid-range,Wyvern,WY476,pcs,66520.0,56434.0,49868.28,48890.47,SUP004,SUP016|SUP021,0.1337,0.726,1.422,growth,2022-07-04,,1.9778,"{1: 1.066, 2: 1.008, 3: 0.981, 4: 1.041, 5: 0.95, 6: 0.899, 7: 0.985, 8: 0.976, 9: 1.126, 10: 1.576, 11: 1.25, 12: 1.012}",0.443,smartphones:mid-range,0.0499,12,0.3017,False,1,1
PRD00005,SKU-SMA-00005,Ionix Flagship Smartphones IO669,smartphones,flagship,Ionix,IO669,pcs,73810.0,55357.5,48901.2,47942.35,SUP016,SUP021|SUP004,0.134,0.377,0.165,mature,2022-12-05,,0.9022,"{1: 1.063, 2: 0.999, 3: 0.999, 4: 1.012, 5: 1.031, 6: 0.918, 7: 0.93, 8: 0.911, 9: 1.252, 10: 1.517, 11: 1.464, 12: 1.067}",0.772,smartphones:flagship,0.0228,12,0.1039,False,1,1
PRD00006,SKU-SMA-00006,Griplex Flagship Smartphones GR315,smartphones,flagship,Griplex,GR315,pcs,21180.0,16803.13,16273.79,15954.7,SUP021,SUP004|SUP016,0.0505,0.891,0.153,mature,2023-12-09,,1.539,"{1: 1.129, 2: 0.926, 3: 0.966, 4: 1.009, 5: 0.947, 6: 0.912, 7: 0.987, 8: 1.021, 9: 1.133, 10: 1.51, 11: 1.328, 12: 0.97}",0.296,smartphones:flagship,0.0361,24,0.284,False,1,1
PRD00007,SKU-SMA-00007,Ionix Mid-Range Smartphones IO516,smartphones,mid-range,Ionix,IO516,pcs,38890.0,36017.05,34360.29,33686.56,SUP021,SUP016|SUP004,0.0647,1.008,0.27,mature,2026-03-22,,2.7741,"{1: 0.962, 2: 0.979, 3: 1.128, 4: 0.976, 5: 0.937, 6: 0.888, 7: 0.816, 8: 1.007, 9: 1.264, 10: 1.692, 11: 1.226, 12: 1.093}",0.734,smartphones:mid-range,0.0229,12,0.0429,False,1,1
PRD00008,SKU-FEA-00008,Griplex Basic Feature Phones GR705,feature_phones,basic,Griplex,GR705,pcs,2270.0,2177.53,1850.9,1779.04,SUP001,SUP017,0.183,0.714,0.251,mature,2025-10-04,,1.8643,"{1: 0.972, 2: 0.978, 3: 0.918, 4: 0.915, 5: 1.056, 6: 0.989, 7: 1.086, 8: 1.022, 9: 0.907, 10: 0.932, 11: 0.941, 12: 1.095}",0.405,feature_phones:basic,0.017,6,0.2807,False,1,2
PRD00009,SKU-FEA-00009,Griplex Dual-Sim Feature Phones GR156,feature_phones,dual-sim,Griplex,GR156,pcs,1070.0,847.3,728.69,714.4,SUP001,SUP017,0.1569,0.132,0.126,decline,2025-09-27,,1.5013,"{1: 0.976, 2: 1.054, 3: 1.008, 4: 0.937, 5: 0.964, 6: 1.031, 7: 1.035, 8: 0.987, 9: 0.946, 10: 1.044, 11: 0.934, 12: 1.087}",0.171,feature_phones:dual-sim,0.0123,12,0.0354,False,1,2
PRD00010,SKU-FEA-00010,Lumo Dual-Sim Feature Phones LU188,feature_phones,dual-sim,Lumo,LU188,pcs,1620.0,1215.0,1063.11,1042.26,SUP017,SUP001,0.1422,0.385,0.083,introduction,2023-11-20,,0.5489,"{1: 1.056, 2: 0.986, 3: 1.028, 4: 1.071, 5: 1.026, 6: 0.97, 7: 1.033, 8: 1.034, 9: 1.092, 10: 0.974, 11: 0.985, 12: 1.062}",0.63,feature_phones:dual-sim,0.0106,6,0.579,False,1,2
PRD00011,SKU-FEA-00011,Griplex Basic Feature Phones GR663,feature_phones,basic,Griplex,GR663,pcs,2410.0,2238.75,1902.94,1814.58,SUP001,SUP017,0.1895,0.185,1.133,growth,2023-06-10,,0.7379,"{1: 0.955, 2: 0.962, 3: 0.925, 4: 1.01, 5: 1.041, 6: 0.914, 7: 0.996, 8: 1.056, 9: 1.05, 10: 1.063, 11: 0.99, 12: 1.064}",0.471,feature_phones:basic,0.0118,6,0.2785,False,1,2
PRD00012,SKU-FEA-00012,Mistral Dual-Sim Feature Phones MI257,feature_phones,dual-sim,Mistral,MI257,pcs,1200.0,1168.73,1057.29,1036.56,SUP001,SUP017,0.1131,0.128,0.637,mature,2023-01-15,,2.1764,"{1: 1.082, 2: 1.058, 3: 0.992, 4: 0.916, 5: 0.903, 6: 0.995, 7: 0.999, 8: 0.981, 9: 1.014, 10: 1.01, 11: 1.067, 12: 0.922}",0.599,feature_phones:dual-sim,0.02,12,0.1544,False,1,2
PRD00013,SKU-FEA-00013,Lumo Dual-Sim Feature Phones LU645,feature_phones,dual-sim,Lumo,LU645,pcs,3200.0,2400.0,2118.84,2077.29,SUP017,SUP001,0.1345,0.536,0.297,introduction,2024-08-03,,2.086,"{1: 1.083, 2: 0.928, 3: 1.036, 4: 1.063, 5: 0.947, 6: 0.955, 7: 1.093, 8: 0.953, 9: 0.986, 10: 0.987, 11: 0.951, 12: 1.055}",0.192,feature_phones:dual-sim,0.0118,12,0.2236,False,1,2
PRD00014,SKU-FEA-00014,Lumo Dual-Sim Feature Phones LU893,feature_phones,dual-sim,Lumo,LU893,pcs,1090.0,897.63,776.52,761.29,SUP001,SUP017,0.1519,0.456,0.242,mature,2021-09-08,,1.3867,"{1: 0.982, 2: 0.981, 3: 1.085, 4: 0.949, 5: 1.046, 6: 1.051, 7: 0.92, 8: 0.994, 9: 0.94, 10: 0.937, 11: 0.993, 12: 0.958}",0.472,feature_phones:dual-sim,0.0186,6,0.408,False,1,2
PRD00015,SKU-LAP-00015,Fintor Business Laptops FI924,laptops,business,Fintor,FI924,pcs,131600.0,98700.0,88654.87,86916.54,SUP023,SUP021|SUP002,0.1194,0.066,0.444,mature,2024-02-21,,0.4415,"{1: 1.016, 2: 0.948, 3: 1.201, 4: 1.001, 5: 0.915, 6: 1.224, 7: 1.11, 8: 1.028, 9: 0.997, 10: 1.361, 11: 1.191, 12: 0.954}",0.128,laptops:business,0.0288,36,0.1596,False,1,1
PRD00016,SKU-LAP-00016,Ridgeline Business Laptops RI419,laptops,business,Ridgeline,RI419,pcs,59570.0,44677.5,39689.46,38911.24,SUP021,SUP023|SUP002,0.1291,0.065,0.076,mature,2024-08-19,,1.3215,"{1: 0.995, 2: 0.944, 3: 1.251, 4: 1.013, 5: 0.899, 6: 1.139, 7: 1.018, 8: 1.019, 9: 0.951, 10: 1.273, 11: 1.252, 12: 0.865}",0.322,laptops:business,0.0354,36,0.2059,False,1,1
PRD00017,SKU-LAP-00017,Ridgeline Ultrabook Laptops RI307,laptops,ultrabook,Ridgeline,RI307,pcs,23290.0,22760.54,20265.12,19867.76,SUP023,SUP002|SUP021,0.1271,0.399,0.313,mature,2022-02-06,,1.6527,"{1: 1.193, 2: 0.966, 3: 1.121, 4: 0.942, 5: 0.826, 6: 1.155, 7: 0.96, 8: 1.043, 9: 0.961, 10: 1.204, 11: 1.225, 12: 0.965}",0.525,laptops:ultrabook,0.027,24,0.277,False,1,1
PRD00018,SKU-LAP-00018,Wyvern Business Laptops WY733,laptops,business,Wyvern,WY733,pcs,58790.0,44920.69,42525.63,41691.79,SUP021,SUP023|SUP002,0.0719,0.116,0.261,decline,2023-03-14,,1.9258,"{1: 1.055, 2: 1.014, 3: 1.15, 4: 1.011, 5: 0.922, 6: 1.278, 7: 1.076, 8: 0.881, 9: 1.091, 10: 1.345, 11: 1.192, 12: 0.869}",0.421,laptops:business,0.0353,36,0.1072,False,1,1
PRD00019,SKU-TAB-00019,Blitzo Education Tablets BL934,tablets,education,Blitzo,BL934,pcs,20650.0,15487.5,13948.88,13675.37,SUP020,SUP008|SUP023,0.117,0.044,0.485,mature,2024-01-10,,0.692,"{1: 1.054, 2: 0.994, 3: 0.906, 4: 0.963, 5: 0.838, 6: 1.306, 7: 1.027, 8: 0.974, 9: 0.965, 10: 1.337, 11: 1.179, 12: 1.052}",0.894,tablets:education,0.0236,24,0.2375,False,1,1
PRD00020,SKU-TAB-00020,Aurex Consumer Tablets AU713,tablets,consumer,Aurex,AU713,pcs,24590.0,21105.39,18308.13,17949.15,SUP023,SUP020|SUP008,0.1495,0.039,0.311,decline,2022-10-15,,1.0392,"{1: 1.009, 2: 0.962, 3: 1.001, 4: 0.976, 5: 0.883, 6: 1.26, 7: 1.063, 8: 0.918, 9: 0.925, 10: 1.219, 11: 1.284, 12: 0.989}",0.183,tablets:consumer,0.0288,12,0.4983,False,1,1
PRD00021,SKU-TAB-00021,Circuitry Education Tablets CI347,tablets,education,Circuitry,CI347,pcs,9070.0,6802.5,6356.78,6232.14,SUP020,SUP023|SUP008,0.0838,0.223,0.333,mature,2022-08-15,,3.8014,"{1: 0.941, 2: 0.98, 3: 1.045, 4: 0.969, 5: 0.982, 6: 1.199, 7: 1.056, 8: 0.946, 9: 0.972, 10: 1.228, 11: 1.091, 12: 0.97}",0.226,tablets:education,0.0202,12,0.0684,False,1,1
PRD00022,SKU-MON-00022,Mistral Office Monitors MI877,monitors,office,Mistral,MI877,pcs,15670.0,12793.0,11311.87,11090.07,SUP022,SUP010|SUP001,0.1331,0.099,0.168,decline,2022-08-06,,0.1008,"{1: 1.07, 2: 1.023, 3: 1.176, 4: 0.983, 5: 1.014, 6: 0.931, 7: 1.048, 8: 0.915, 9: 1.046, 10: 1.23, 11: 1.144, 12: 1.002}",0.193,monitors:office,0.0353,36,0.3113,False,1,1
PRD00023,SKU-MON-00023,Uplink Gaming Monitors UP947,monitors,gaming,Uplink,UP947,pcs,26900.0,25499.43,22960.61,22510.4,SUP016,SUP002|SUP001,0.1172,0.182,0.23,mature,2023-11-05,,2.3643,"{1: 0.995, 2: 1.051, 3: 1.101, 4: 0.967, 5: 1.069, 6: 1.004, 7: 1.069, 8: 0.989, 9: 1.091, 10: 1.185, 11: 1.062, 12: 1.077}",0.368,monitors:gaming,0.0218,36,0.4854,False,1,1
PRD00024,SKU-MON-00024,Uplink Office Monitors UP288,monitors,office,Uplink,UP288,pcs,14490.0,10867.5,9513.57,9327.03,SUP017,SUP002|SUP010,0.1418,0.514,0.275,mature,2023-08-31,,0.2244,"{1: 1.019, 2: 0.904, 3: 1.153, 4: 0.969, 5: 0.984, 6: 0.92, 7: 1.057, 8: 1.088, 9: 0.904, 10: 1.173, 11: 1.211, 12: 0.957}",0.483,monitors:office,0.0279,36,0.0211,False,1,1
PRD00025,SKU-TEL-00025,Uplink Led Televisions UP181,televisions,LED,Uplink,UP181,pcs,29640.0,22408.23,19327.17,18948.21,SUP016,SUP019|SUP010,0.1544,0.761,0.496,decline,2022-04-20,,1.236,"{1: 1.027, 2: 0.846, 3: 1.036, 4: 0.889, 5: 1.035, 6: 0.857, 7: 0.825, 8: 0.97, 9: 1.252, 10: 1.689, 11: 1.361, 12: 1.124}",0.386,televisions:LED,0.0295,12,0.289,False,1,1
PRD00026,SKU-TEL-00026,Uplink Led Televisions UP956,televisions,LED,Uplink,UP956,pcs,73640.0,71141.95,66000.57,64706.44,SUP016,SUP019|SUP010,0.0905,0.134,0.453,mature,2022-09-02,,2.5439,"{1: 1.14, 2: 0.858, 3: 0.908, 4: 0.876, 5: 0.948, 6: 0.859, 7: 0.771, 8: 0.956, 9: 1.126, 10: 1.659, 11: 1.368, 12: 1.016}",0.541,televisions:LED,0.0207,12,0.0607,False,1,1
PRD00027,SKU-TEL-00027,Novak Led Televisions NO553,televisions,LED,Novak,NO553,pcs,40180.0,30135.0,27505.13,26965.81,SUP019,SUP010|SUP016,0.1052,0.394,0.335,mature,2022-02-04,,0.2341,"{1: 1.107, 2: 0.954, 3: 1.02, 4: 1.018, 5: 0.92, 6: 0.86, 7: 0.835, 8: 0.908, 9: 1.188, 10: 1.62, 11: 1.37, 12: 1.034}",0.44,televisions:LED,0.0299,24,0.4227,False,1,1
PRD00028,SKU-TEL-00028,Orbex Smart Televisions OR520,televisions,smart,Orbex,OR520,pcs,37020.0,31402.69,29079.3,28509.12,SUP019,SUP016|SUP010,0.0921,0.145,0.103,growth,2022-10-05,,1.7215,"{1: 1.0, 2: 0.977, 3: 0.923, 4: 0.962, 5: 1.044, 6: 0.821, 7: 0.867, 8: 1.063, 9: 1.096, 10: 1.704, 11: 1.332, 12: 1.084}",0.48,televisions:smart,0.0128,12,0.515,False,1,1
PRD00029,SKU-TEL-00029,Novak Smart Televisions NO497,televisions,smart,Novak,NO497,pcs,13970.0,10955.63,10187.66,9987.9,SUP016,SUP019|SUP010,0.0883,0.673,0.623,growth,2024-05-15,,3.9782,"{1: 0.959, 2: 0.817, 3: 1.031, 4: 0.919, 5: 1.031, 6: 0.827, 7: 0.926, 8: 1.05, 9: 1.29, 10: 1.576, 11: 1.35, 12: 1.022}",0.299,televisions:smart,0.0183,24,0.1858,False,1,1
PRD00030,SKU-TEL-00030,Orbex Led Televisions OR726,televisions,LED,Orbex,OR726,pcs,52520.0,39390.0,35715.96,35015.65,SUP019,SUP016|SUP010,0.1111,0.434,0.538,mature,2022-10-14,,0.9567,"{1: 1.063, 2: 0.833, 3: 1.05, 4: 0.951, 5: 1.045, 6: 0.966, 7: 0.872, 8: 1.022, 9: 1.261, 10: 1.816, 11: 1.503, 12: 0.953}",0.729,televisions:LED,0.0112,24,0.4287,False,1,1
PRD00031,SKU-TEL-00031,Uplink Premium Televisions UP732,televisions,premium,Uplink,UP732,pcs,15990.0,14089.33,13113.83,12856.7,SUP010,SUP019|SUP016,0.0875,0.297,0.486,discontinued,2022-04-23,2025-04-18,1.1319,"{1: 1.104, 2: 0.895, 3: 0.997, 4: 0.938, 5: 0.965, 6: 0.904, 7: 0.838, 8: 1.02, 9: 1.296, 10: 1.868, 11: 1.282, 12: 1.026}",0.674,televisions:premium,0.0246,24,0.0594,False,1,1
PRD00032,SKU-HEA-00032,Wyvern Wired Headphones WY750,headphones,wired,Wyvern,WY750,pcs,500.0,378.65,321.85,272.86,SUP029,SUP025|SUP027,0.2794,0.373,0.028,decline,2025-02-09,,1.4365,"{1: 0.91, 2: 0.996, 3: 1.077, 4: 1.033, 5: 1.037, 6: 0.953, 7: 0.984, 8: 0.973, 9: 1.004, 10: 1.191, 11: 1.158, 12: 1.153}",0.357,headphones:wired,0.05,6,0.2032,True,1,2
PRD00033,SKU-HEA-00033,Kyra Over-Ear Headphones KY969,headphones,over-ear,Kyra,KY969,pcs,900.0,682.7,580.3,564.87,SUP017,SUP027|SUP029,0.1726,1.391,1.45,introduction,2025-08-30,,1.7296,"{1: 0.952, 2: 0.938, 3: 0.925, 4: 1.011, 5: 1.019, 6: 1.058, 7: 1.051, 8: 1.079, 9: 1.061, 10: 1.139, 11: 1.213, 12: 1.151}",0.787,headphones:over-ear,0.0444,12,0.2555,True,1,2
PRD00034,SKU-HEA-00034,Kyra Wireless Headphones KY196,headphones,wireless,Kyra,KY196,pcs,890.0,767.05,651.99,591.28,SUP027,SUP025|SUP017,0.2291,0.301,0.158,mature,2025-08-12,,1.0968,"{1: 1.091, 2: 1.018, 3: 1.033, 4: 0.987, 5: 1.051, 6: 1.1, 7: 0.932, 8: 0.94, 9: 1.008, 10: 1.196, 11: 1.217, 12: 1.092}",0.437,headphones:wireless,0.0553,6,0.1523,True,1,2
PRD00035,SKU-HEA-00035,Kyra Over-Ear Headphones KY817,headphones,over-ear,Kyra,KY817,pcs,2490.0,1867.5,1587.38,1417.56,SUP027,SUP025|SUP017,0.2409,1.139,0.109,mature,2024-07-26,,0.1759,"{1: 1.073, 2: 1.045, 3: 1.004, 4: 0.974, 5: 0.91, 6: 0.929, 7: 0.939, 8: 0.975, 9: 1.089, 10: 1.201, 11: 1.136, 12: 1.105}",0.717,headphones:over-ear,0.0631,12,0.2313,True,1,2
PRD00036,SKU-HEA-00036,Solis Over-Ear Headphones SO962,headphones,over-ear,Solis,SO962,pcs,1570.0,1177.5,1011.72,991.88,SUP025,SUP017|SUP027,0.1576,0.157,0.194,growth,2025-03-02,,0.5227,"{1: 1.087, 2: 1.006, 3: 1.028, 4: 0.993, 5: 0.984, 6: 0.924, 7: 0.919, 8: 0.947, 9: 1.067, 10: 1.115, 11: 1.134, 12: 1.212}",0.705,headphones:over-ear,0.0632,12,0.6266,True,1,2
PRD00037,SKU-HEA-00037,Kyra Wired Headphones KY965,headphones,wired,Kyra,KY965,pcs,8610.0,6457.5,5488.88,4685.8,SUP027,SUP025|SUP017,0.2744,1.426,0.524,introduction,2025-12-26,,2.7608,"{1: 0.95, 2: 1.006, 3: 0.975, 4: 1.094, 5: 0.935, 6: 0.964, 7: 0.959, 8: 1.009, 9: 1.0, 10: 1.234, 11: 1.308, 12: 1.148}",0.458,headphones:wired,0.0305,12,0.4601,True,1,2
PRD00038,SKU-HEA-00038,Solis Wired Headphones SO771,headphones,wired,Solis,SO771,pcs,2320.0,1740.0,1479.0,1321.37,SUP027,SUP017|SUP029,0.2406,0.303,0.857,discontinued,2023-05-09,2023-06-25,2.5108,"{1: 0.905, 2: 1.067, 3: 0.915, 4: 0.939, 5: 0.901, 6: 0.989, 7: 0.967, 8: 0.933, 9: 0.99, 10: 1.177, 11: 1.264, 12: 1.294}",0.231,headphones:wired,0.0548,12,0.094,True,1,2
PRD00039,SKU-HEA-00039,Wyvern Wireless Headphones WY469,headphones,wireless,Wyvern,WY469,pcs,3870.0,3138.53,2667.75,2452.72,SUP025,SUP027|SUP029,0.2185,0.744,1.314,growth,2025-05-12,,1.4912,"{1: 1.065, 2: 1.08, 3: 1.075, 4: 1.092, 5: 0.946, 6: 1.086, 7: 1.014, 8: 0.984, 9: 1.012, 10: 1.162, 11: 1.149, 12: 1.138}",0.464,headphones:wireless,0.0609,12,0.0606,True,1,2
PRD00040,SKU-HEA-00040,Jetstream Wireless Headphones JE653,headphones,wireless,Jetstream,JE653,pcs,6570.0,5220.46,4437.39,4282.04,SUP029,SUP025|SUP027,0.1798,0.123,0.247,mature,2022-07-11,,1.8274,"{1: 1.049, 2: 0.991, 3: 1.085, 4: 0.979, 5: 1.013, 6: 0.921, 7: 0.945, 8: 1.068, 9: 0.979, 10: 1.175, 11: 1.139, 12: 1.198}",0.906,headphones:wireless,0.0639,12,0.2163,True,1,2
PRD00041,SKU-HEA-00041,Kyra Wired Headphones KY458,headphones,wired,Kyra,KY458,pcs,1990.0,1728.09,1468.88,1318.01,SUP025,SUP027|SUP017,0.2373,0.334,0.114,mature,2024-09-17,,2.2701,"{1: 1.09, 2: 0.976, 3: 1.075, 4: 1.097, 5: 1.075, 6: 0.933, 7: 1.064, 8: 0.906, 9: 0.979, 10: 1.289, 11: 1.245, 12: 1.208}",0.326,headphones:wired,0.0596,12,0.5051,True,1,2
PRD00042,SKU-HEA-00042,Kyra Wired Headphones KY602,headphones,wired,Kyra,KY602,pcs,10910.0,8182.5,6955.12,6651.65,SUP025,SUP027|SUP017,0.1871,0.052,0.474,discontinued,2024-08-27,2025-06-12,1.4757,"{1: 0.979, 2: 1.079, 3: 0.901, 4: 0.96, 5: 1.011, 6: 0.967, 7: 0.954, 8: 0.992, 9: 0.936, 10: 1.207, 11: 1.25, 12: 1.218}",0.536,headphones:wired,0.0464,6,0.0952,True,1,2
PRD00043,SKU-HEA-00043,Jetstream Wired Headphones JE796,headphones,wired,Jetstream,JE796,pcs,2170.0,2059.36,1775.09,1740.28,SUP027,SUP017|SUP025,0.1549,0.315,0.322,decline,2022-06-01,,2.6969,"{1: 0.914, 2: 1.089, 3: 0.989, 4: 1.035, 5: 1.068, 6: 1.098, 7: 0.932, 8: 1.06, 9: 1.077, 10: 1.092, 11: 1.261, 12: 1.165}",0.349,headphones:wired,0.051,6,0.1304,True,1,2
PRD00044,SKU-EAR-00044,Zenith Neckband Earbuds ZE358,earbuds,neckband,Zenith,ZE358,pcs,5610.0,4465.59,3882.74,3806.61,SUP010,SUP003,0.1476,0.372,0.285,growth,2025-07-30,,2.8704,"{1: 0.954, 2: 0.974, 3: 0.909, 4: 1.057, 5: 0.987, 6: 0.988, 7: 0.949, 8: 0.942, 9: 1.272, 10: 1.183, 11: 1.141, 12: 1.054}",0.189,earbuds:neckband,0.0731,12,0.0305,True,1,2
PRD00045,SKU-EAR-00045,Lumo Neckband Earbuds LU516,earbuds,neckband,Lumo,LU516,pcs,2630.0,2011.5,1709.77,1519.3,SUP003,SUP010,0.2447,0.842,0.7,growth,2024-09-29,,1.1543,"{1: 0.992, 2: 0.904, 3: 0.95, 4: 0.924, 5: 0.943, 6: 0.955, 7: 0.98, 8: 1.006, 9: 1.125, 10: 1.165, 11: 1.148, 12: 1.01}",0.119,earbuds:neckband,0.0772,12,0.1445,True,1,2
PRD00046,SKU-EAR-00046,Blitzo Tws Earbuds BL231,earbuds,TWS,Blitzo,BL231,pcs,14160.0,10620.0,9027.0,8214.86,SUP010,SUP003,0.2265,2.081,0.283,mature,2022-02-09,,0.6461,"{1: 1.085, 2: 1.014, 3: 1.041, 4: 0.93, 5: 1.007, 6: 1.035, 7: 0.991, 8: 0.931, 9: 1.186, 10: 1.339, 11: 1.134, 12: 1.042}",0.707,earbuds:TWS,0.066,6,0.2163,True,1,2
PRD00047,SKU-EAR-00047,Lumo Neckband Earbuds LU470,earbuds,neckband,Lumo,LU470,pcs,2140.0,1605.0,1364.25,1223.62,SUP010,SUP003,0.2376,0.255,0.133,mature,2024-05-21,,0.8094,"{1: 1.063, 2: 0.934, 3: 0.957, 4: 0.984, 5: 0.965, 6: 1.06, 7: 1.092, 8: 1.075, 9: 1.163, 10: 1.319, 11: 1.162, 12: 1.083}",0.705,earbuds:neckband,0.0404,12,0.0645,True,1,2
PRD00048,SKU-EAR-00048,Blitzo Neckband Earbuds BL632,earbuds,neckband,Blitzo,BL632,pcs,1540.0,1459.63,1240.69,1144.33,SUP010,SUP003,0.216,0.988,0.671,mature,2022-06-24,,0.1803,"{1: 1.023, 2: 0.956, 3: 0.92, 4: 1.021, 5: 0.913, 6: 0.948, 7: 0.912, 8: 1.01, 9: 1.165, 10: 1.278, 11: 1.323, 12: 1.064}",0.613,earbuds:neckband,0.0662,12,0.2314,True,1,2
PRD00049,SKU-EAR-00049,Novak Neckband Earbuds NO776,earbuds,neckband,Novak,NO776,pcs,8890.0,6667.5,5667.38,5179.49,SUP010,SUP003,0.2232,3.146,0.085,mature,2021-12-24,,0.1685,"{1: 1.042, 2: 1.09, 3: 0.918, 4: 0.965, 5: 0.947, 6: 0.979, 7: 1.048, 8: 0.995, 9: 1.268, 10: 1.204, 11: 1.16, 12: 0.953}",0.648,earbuds:neckband,0.0756,6,0.4568,True,1,2
PRD00050,SKU-EAR-00050,Blitzo Tws Earbuds BL985,earbuds,TWS,Blitzo,BL985,pcs,6090.0,4735.52,4025.19,3662.97,SUP010,SUP003,0.2265,2.204,0.284,decline,2024-10-21,,0.5796,"{1: 1.077, 2: 0.92, 3: 1.03, 4: 1.057, 5: 1.023, 6: 0.999, 7: 1.023, 8: 0.93, 9: 1.179, 10: 1.192, 11: 1.274, 12: 0.988}",0.891,earbuds:TWS,0.0657,12,0.4107,True,1,2
PRD00051,SKU-EAR-00051,Blitzo Neckband Earbuds BL159,earbuds,neckband,Blitzo,BL159,pcs,740.0,705.9,600.01,511.8,SUP010,SUP003,0.275,0.305,0.305,mature,2023-09-13,,0.6223,"{1: 0.963, 2: 0.941, 3: 0.991, 4: 1.009, 5: 1.084, 6: 1.075, 7: 1.083, 8: 1.07, 9: 1.366, 10: 1.241, 11: 1.137, 12: 0.917}",0.778,earbuds:neckband,0.0446,6,0.0375,True,1,2
PRD00052,SKU-EAR-00052,Zenith Tws Earbuds ZE707,earbuds,TWS,Zenith,ZE707,pcs,1930.0,1590.58,1351.99,1223.95,SUP003,SUP010,0.2305,1.345,0.368,mature,2024-06-03,,0.7534,"{1: 0.966, 2: 0.991, 3: 0.938, 4: 0.939, 5: 1.008, 6: 0.926, 7: 1.038, 8: 1.089, 9: 1.232, 10: 1.35, 11: 1.15, 12: 0.909}",0.847,earbuds:TWS,0.0508,12,0.5051,True,1,2
PRD00053,SKU-EAR-00053,Blitzo Tws Earbuds BL635,earbuds,TWS,Blitzo,BL635,pcs,14820.0,14196.52,12324.13,12082.48,SUP003,SUP010,0.1489,0.106,1.137,decline,2022-05-07,,3.0829,"{1: 0.911, 2: 1.083, 3: 0.962, 4: 1.096, 5: 1.093, 6: 0.929, 7: 1.043, 8: 1.02, 9: 1.298, 10: 1.149, 11: 1.172, 12: 0.915}",0.272,earbuds:TWS,0.045,6,0.2415,True,1,2
PRD00054,SKU-EAR-00054,Blitzo Tws Earbuds BL879,earbuds,TWS,Blitzo,BL879,pcs,2140.0,1622.25,1422.02,1394.14,SUP003,SUP010,0.1406,0.176,0.317,growth,2021-08-17,,1.7534,"{1: 1.04, 2: 1.03, 3: 0.978, 4: 1.011, 5: 0.919, 6: 0.931, 7: 1.086, 8: 1.052, 9: 1.356, 10: 1.354, 11: 1.287, 12: 1.086}",0.623,earbuds:TWS,0.0515,6,0.3283,True,1,2
PRD00055,SKU-EAR-00055,Blitzo Neckband Earbuds BL972,earbuds,neckband,Blitzo,BL972,pcs,4270.0,3801.61,3255.28,3191.45,SUP010,SUP003,0.1605,0.535,0.125,growth,2025-05-20,,0.0608,"{1: 1.03, 2: 0.997, 3: 0.988, 4: 0.922, 5: 1.004, 6: 0.92, 7: 0.933, 8: 0.927, 9: 1.364, 10: 1.196, 11: 1.214, 12: 0.964}",0.64,earbuds:neckband,0.0723,6,0.2135,True,1,2
PRD00056,SKU-EAR-00056,Lumo Tws Earbuds LU820,earbuds,TWS,Lumo,LU820,pcs,10370.0,7777.5,6610.88,6174.09,SUP010,SUP003,0.2062,0.196,0.964,introduction,2022-11-08,,2.6147,"{1: 0.995, 2: 0.968, 3: 0.946, 4: 0.938, 5: 1.053, 6: 1.09, 7: 0.928, 8: 1.092, 9: 1.274, 10: 1.285, 11: 1.302, 12: 1.041}",0.363,earbuds:TWS,0.0432,12,0.0512,True,1,2
PRD00057,SKU-EAR-00057,Lumo Tws Earbuds LU130,earbuds,TWS,Lumo,LU130,pcs,930.0,697.5,592.88,581.23,SUP010,SUP003,0.1667,0.958,0.185,mature,2022-11-07,,0.5744,"{1: 0.996, 2: 0.905, 3: 1.089, 4: 0.964, 5: 0.951, 6: 1.1, 7: 1.044, 8: 0.909, 9: 1.14, 10: 1.131, 11: 1.275, 12: 0.914}",0.468,earbuds:TWS,0.0595,6,0.2056,True,1,2
PRD00058,SKU-EAR-00058,Zenith Neckband Earbuds ZE191,earbuds,neckband,Zenith,ZE191,pcs,910.0,682.5,580.12,557.21,SUP003,SUP010,0.1836,0.15,0.888,mature,2022-06-25,,1.9071,"{1: 0.973, 2: 0.97, 3: 1.005, 4: 1.077, 5: 0.958, 6: 1.004, 7: 0.968, 8: 1.064, 9: 1.164, 10: 1.151, 11: 1.251, 12: 1.034}",0.511,earbuds:neckband,0.0778,12,0.2565,True,1,2
PRD00059,SKU-EAR-00059,Novak Tws Earbuds NO121,earbuds,TWS,Novak,NO121,pcs,3200.0,2400.0,2040.0,1944.28,SUP010,SUP003,0.1899,10.994,0.505,mature,2023-02-11,,0.629,"{1: 0.988, 2: 1.079, 3: 0.907, 4: 1.071, 5: 0.933, 6: 1.001, 7: 0.985, 8: 0.902, 9: 1.354, 10: 1.239, 11: 1.364, 12: 0.957}",0.779,earbuds:TWS,0.0532,12,0.2267,True,1,2
PRD00060,SKU-EAR-00060,Novak Neckband Earbuds NO494,earbuds,neckband,Novak,NO494,pcs,1590.0,1359.96,1166.1,1143.24,SUP003,SUP010,0.1594,0.061,0.213,decline,2025-09-05,,1.083,"{1: 1.076, 2: 1.063, 3: 1.003, 4: 0.95, 5: 1.001, 6: 0.92, 7: 1.032, 8: 0.927, 9: 1.253, 10: 1.139, 11: 1.2, 12: 0.946}",0.497,earbuds:neckband,0.0734,6,0.0522,True,1,2
PRD00061,SKU-EAR-00061,Lumo Neckband Earbuds LU198,earbuds,neckband,Lumo,LU198,pcs,1120.0,840.0,714.0,660.23,SUP003,SUP010,0.214,0.365,0.164,mature,2023-06-23,,0.2026,"{1: 0.953, 2: 0.938, 3: 0.908, 4: 0.973, 5: 1.076, 6: 0.967, 7: 1.036, 8: 1.051, 9: 1.207, 10: 1.33, 11: 1.298, 12: 1.012}",0.787,earbuds:neckband,0.0532,6,0.2261,True,1,2
PRD00062,SKU-SPE-00062,Torque Party Speakers TO969,speakers,party,Torque,TO969,pcs,3880.0,3512.31,2985.46,2832.13,SUP023,SUP025|SUP005,0.1937,1.421,0.304,decline,2023-08-10,,1.3226,"{1: 1.0, 2: 1.018, 3: 0.9, 4: 1.071, 5: 1.022, 6: 0.926, 7: 1.063, 8: 1.043, 9: 1.367, 10: 1.272, 11: 1.392, 12: 0.983}",0.686,speakers:party,0.0451,12,0.3511,False,1,1
PRD00063,SKU-SPE-00063,Ridgeline Party Speakers RI649,speakers,party,Ridgeline,RI649,pcs,2270.0,1702.5,1447.12,1268.21,SUP025,SUP005|SUP023,0.2551,1.837,0.129,mature,2024-11-05,,0.4469,"{1: 1.001, 2: 0.986, 3: 0.922, 4: 0.931, 5: 1.068, 6: 0.997, 7: 0.91, 8: 0.903, 9: 1.293, 10: 1.213, 11: 1.353, 12: 1.059}",0.589,speakers:party,0.0356,12,0.1053,False,1,1
PRD00064,SKU-SPE-00064,Uplink Home Speakers UP302,speakers,home,Uplink,UP302,pcs,2700.0,2025.0,1721.25,1627.06,SUP025,SUP023|SUP009,0.1965,0.129,0.227,decline,2024-09-03,,1.4491,"{1: 1.001, 2: 1.081, 3: 0.937, 4: 1.095, 5: 1.062, 6: 1.072, 7: 0.997, 8: 1.067, 9: 1.25, 10: 1.368, 11: 1.207, 12: 0.961}",0.553,speakers:home,0.0349,12,0.0399,False,1,1
PRD00065,SKU-SPE-00065,Torque Portable Speakers TO140,speakers,portable,Torque,TO140,pcs,12520.0,11825.73,10051.87,9600.08,SUP005,SUP025|SUP023,0.1882,2.065,0.443,mature,2025-04-05,,0.5533,"{1: 1.077, 2: 1.09, 3: 0.988, 4: 0.957, 5: 0.926, 6: 1.0, 7: 0.944, 8: 1.087, 9: 1.171, 10: 1.207, 11: 1.234, 12: 0.94}",0.238,speakers:portable,0.0442,12,0.1696,False,1,1
PRD00066,SKU-SPE-00066,Uplink Home Speakers UP428,speakers,home,Uplink,UP428,pcs,1530.0,1147.5,975.38,942.71,SUP005,SUP025|SUP023,0.1785,0.417,0.086,decline,2023-06-23,,0.5464,"{1: 0.983, 2: 1.018, 3: 0.912, 4: 1.064, 5: 0.943, 6: 1.061, 7: 1.007, 8: 0.955, 9: 1.178, 10: 1.382, 11: 1.216, 12: 0.91}",0.229,speakers:home,0.0257,12,0.2445,False,1,1
PRD00067,SKU-KEY-00067,Aurex Membrane Keyboards AU313,keyboards,membrane,Aurex,AU313,pcs,530.0,459.1,390.24,355.75,SUP014,SUP024|SUP029,0.2251,0.089,0.231,introduction,2024-06-12,,0.2051,"{1: 1.074, 2: 1.052, 3: 1.098, 4: 1.051, 5: 1.07, 6: 1.226, 7: 1.046, 8: 1.06, 9: 1.087, 10: 1.144, 11: 1.028, 12: 1.003}",0.898,keyboards:membrane,0.0231,12,0.0256,True,1,2
PRD00068,SKU-KEY-00068,Aurex Membrane Keyboards AU780,keyboards,membrane,Aurex,AU780,pcs,7380.0,5535.0,4704.75,4047.04,SUP014,SUP024|SUP007,0.2688,0.687,0.044,growth,2023-10-31,,2.0678,"{1: 1.075, 2: 0.962, 3: 0.94, 4: 0.917, 5: 1.002, 6: 1.139, 7: 1.05, 8: 0.993, 9: 0.969, 10: 1.095, 11: 0.956, 12: 1.086}",0.413,keyboards:membrane,0.0371,12,0.211,True,1,2
PRD00069,SKU-KEY-00069,Solis Wireless Keyboards SO849,keyboards,wireless,Solis,SO849,pcs,1140.0,1029.28,874.89,782.82,SUP029,SUP014|SUP024,0.2394,0.709,0.261,decline,2024-01-07,,1.962,"{1: 1.087, 2: 0.945, 3: 1.005, 4: 1.086, 5: 1.092, 6: 1.064, 7: 0.97, 8: 1.04, 9: 0.944, 10: 1.11, 11: 0.905, 12: 0.931}",0.332,keyboards:wireless,0.0352,6,0.1932,True,1,2
PRD00070,SKU-KEY-00070,Bravado Membrane Keyboards BR285,keyboards,membrane,Bravado,BR285,pcs,1060.0,813.71,691.65,666.12,SUP014,SUP024|SUP029,0.1814,0.246,0.057,decline,2022-10-02,,0.8972,"{1: 1.054, 2: 1.026, 3: 1.008, 4: 0.906, 5: 1.045, 6: 1.16, 7: 0.954, 8: 0.966, 9: 1.087, 10: 1.179, 11: 0.995, 12: 1.024}",0.44,keyboards:membrane,0.0286,12,0.2456,True,1,2
PRD00071,SKU-KEY-00071,Aurex Wireless Keyboards AU492,keyboards,wireless,Aurex,AU492,pcs,3350.0,2526.99,2147.94,1927.77,SUP014,SUP024|SUP029,0.2371,0.556,0.047,mature,2022-11-20,,1.1614,"{1: 0.988, 2: 1.041, 3: 0.916, 4: 0.994, 5: 0.906, 6: 1.19, 7: 0.969, 8: 1.09, 9: 0.965, 10: 1.165, 11: 0.951, 12: 1.024}",0.361,keyboards:wireless,0.0273,6,0.0328,True,1,2
PRD00072,SKU-KEY-00072,Pulsar Membrane Keyboards PU117,keyboards,membrane,Pulsar,PU117,pcs,1470.0,1102.5,937.12,831.18,SUP029,SUP024|SUP014,0.2461,2.047,0.223,decline,2025-07-30,,0.1578,"{1: 0.98, 2: 0.927, 3: 0.938, 4: 0.929, 5: 1.062, 6: 1.197, 7: 1.006, 8: 0.975, 9: 1.034, 10: 1.222, 11: 1.076, 12: 1.009}",0.671,keyboards:membrane,0.0305,12,0.2828,True,1,2
PRD00073,SKU-KEY-00073,Bravado Membrane Keyboards BR463,keyboards,membrane,Bravado,BR463,pcs,2180.0,1959.25,1665.36,1490.49,SUP029,SUP014|SUP024,0.2393,0.407,0.046,decline,2024-01-18,,4.7204,"{1: 0.907, 2: 0.999, 3: 0.953, 4: 0.969, 5: 1.03, 6: 1.149, 7: 0.919, 8: 0.915, 9: 0.937, 10: 1.079, 11: 1.022, 12: 0.936}",0.327,keyboards:membrane,0.0228,6,0.1182,True,1,2
PRD00074,SKU-KEY-00074,Pulsar Mechanical Keyboards PU948,keyboards,mechanical,Pulsar,PU948,pcs,3700.0,2816.64,2394.14,2342.68,SUP014,SUP029|SUP007,0.1683,0.028,0.105,growth,2022-02-18,,0.9073,"{1: 1.004, 2: 0.939, 3: 0.915, 4: 0.94, 5: 0.911, 6: 1.067, 7: 0.999, 8: 1.03, 9: 0.917, 10: 1.136, 11: 1.016, 12: 0.947}",0.729,keyboards:mechanical,0.0232,12,0.2616,True,1,2
PRD00075,SKU-KEY-00075,Aurex Membrane Keyboards AU855,keyboards,membrane,Aurex,AU855,pcs,840.0,743.77,635.98,623.51,SUP014,SUP024|SUP007,0.1617,0.541,0.904,mature,2023-02-01,,4.6579,"{1: 1.086, 2: 0.909, 3: 1.013, 4: 1.01, 5: 0.95, 6: 1.139, 7: 0.918, 8: 1.044, 9: 0.944, 10: 1.079, 11: 0.963, 12: 1.08}",0.374,keyboards:membrane,0.0237,6,0.0275,True,1,2
PRD00076,SKU-KEY-00076,Solis Membrane Keyboards SO419,keyboards,membrane,Solis,SO419,pcs,2940.0,2205.0,1874.25,1707.69,SUP014,SUP024|SUP029,0.2255,0.118,0.063,decline,2025-11-24,,1.1805,"{1: 1.034, 2: 1.009, 3: 0.99, 4: 1.066, 5: 1.07, 6: 1.102, 7: 1.091, 8: 0.979, 9: 1.06, 10: 1.257, 11: 1.041, 12: 0.932}",0.284,keyboards:membrane,0.0252,6,0.2799,True,1,2
PRD00077,SKU-KEY-00077,Pulsar Membrane Keyboards PU791,keyboards,membrane,Pulsar,PU791,pcs,3000.0,2551.22,2168.54,2014.55,SUP014,SUP029|SUP024,0.2104,0.262,0.219,mature,2023-06-06,,0.5224,"{1: 1.023, 2: 0.915, 3: 0.936, 4: 0.92, 5: 1.053, 6: 1.227, 7: 0.937, 8: 0.944, 9: 0.965, 10: 1.171, 11: 1.024, 12: 1.037}",0.39,keyboards:membrane,0.0346,12,0.1962,True,1,2
PRD00078,SKU-KEY-00078,Bravado Wireless Keyboards BR740,keyboards,wireless,Bravado,BR740,pcs,3860.0,2895.0,2460.75,2113.82,SUP029,SUP024|SUP014,0.2698,0.355,0.071,mature,2023-03-02,,2.9886,"{1: 1.099, 2: 0.931, 3: 1.004, 4: 0.996, 5: 1.06, 6: 1.244, 7: 1.046, 8: 1.025, 9: 0.985, 10: 1.152, 11: 1.002, 12: 0.904}",0.326,keyboards:wireless,0.0297,12,0.4438,True,1,2
PRD00079,SKU-KEY-00079,Aurex Membrane Keyboards AU147,keyboards,membrane,Aurex,AU147,pcs,1750.0,1312.5,1115.62,1062.3,SUP029,SUP014|SUP024,0.1906,0.021,0.186,growth,2023-05-19,,1.4776,"{1: 1.005, 2: 0.956, 3: 1.072, 4: 0.979, 5: 1.028, 6: 1.092, 7: 0.904, 8: 0.981, 9: 1.007, 10: 1.141, 11: 1.092, 12: 1.041}",0.254,keyboards:membrane,0.0201,12,0.1388,True,1,2
PRD00080,SKU-KEY-00080,Aurex Wireless Keyboards AU908,keyboards,wireless,Aurex,AU908,pcs,3830.0,2958.1,2514.38,2439.59,SUP024,SUP014|SUP007,0.1753,0.672,0.134,growth,2025-12-29,,6.0722,"{1: 1.077, 2: 0.935, 3: 0.92, 4: 0.941, 5: 1.061, 6: 1.059, 7: 1.023, 8: 1.049, 9: 1.05, 10: 1.079, 11: 0.912, 12: 0.99}",0.234,keyboards:wireless,0.031,6,0.1084,True,1,2
PRD00081,SKU-KEY-00081,Bravado Membrane Keyboards BR174,keyboards,membrane,Bravado,BR174,pcs,500.0,404.16,343.54,292.16,SUP014,SUP029|SUP007,0.2771,3.3,0.268,growth,2024-10-31,,0.5068,"{1: 1.046, 2: 1.055, 3: 0.913, 4: 0.934, 5: 0.977, 6: 1.235, 7: 1.007, 8: 1.031, 9: 1.057, 10: 1.225, 11: 0.995, 12: 1.002}",0.061,keyboards:membrane,0.0311,6,0.1426,True,1,2
PRD00082,SKU-KEY-00082,Zenith Membrane Keyboards ZE234,keyboards,membrane,Zenith,ZE234,pcs,720.0,578.15,491.43,448.82,SUP014,SUP024|SUP029,0.2237,0.077,3.177,discontinued,2026-01-20,2026-03-27,3.0915,"{1: 1.051, 2: 1.1, 3: 0.996, 4: 1.061, 5: 1.072, 6: 1.084, 7: 0.908, 8: 0.981, 9: 1.071, 10: 1.101, 11: 1.04, 12: 0.901}",0.421,keyboards:membrane,0.0337,12,0.0673,True,1,2
PRD00083,SKU-KEY-00083,Zenith Mechanical Keyboards ZE993,keyboards,mechanical,Zenith,ZE993,pcs,2630.0,1972.5,1676.62,1636.94,SUP029,SUP014|SUP007,0.1701,0.622,1.681,mature,2022-07-07,,3.2259,"{1: 0.925, 2: 1.011, 3: 0.969, 4: 1.088, 5: 1.025, 6: 1.155, 7: 1.06, 8: 0.952, 9: 1.064, 10: 1.036, 11: 1.024, 12: 1.087}",0.33,keyboards:mechanical,0.0343,6,0.0428,True,1,2
PRD00084,SKU-MIC-00084,Delta Wave Gaming Mice DE754,mice,gaming,Delta Wave,DE754,pcs,3520.0,3149.4,2676.99,2501.86,SUP019,,0.2056,0.112,0.447,mature,2024-01-19,,0.2044,"{1: 1.032, 2: 1.096, 3: 1.049, 4: 0.924, 5: 0.995, 6: 1.17, 7: 0.929, 8: 0.986, 9: 0.957, 10: 1.062, 11: 1.002, 12: 0.933}",0.815,mice:gaming,0.0249,12,0.255,True,1,2
PRD00085,SKU-MIC-00085,Delta Wave Gaming Mice DE387,mice,gaming,Delta Wave,DE387,pcs,510.0,382.5,325.12,288.4,SUP019,,0.246,3.672,0.422,growth,2022-02-05,,1.4397,"{1: 0.931, 2: 1.056, 3: 1.06, 4: 1.049, 5: 0.904, 6: 1.098, 7: 0.994, 8: 1.019, 9: 1.084, 10: 1.121, 11: 1.075, 12: 0.933}",0.053,mice:gaming,0.0236,12,0.457,True,1,2
PRD00086,SKU-MIC-00086,Corvex Wireless Mice CO943,mice,wireless,Corvex,CO943,pcs,250.0,227.48,193.36,170.27,SUP019,,0.2515,0.279,0.039,mature,2021-07-26,,4.4311,"{1: 1.08, 2: 1.066, 3: 0.974, 4: 1.015, 5: 1.013, 6: 1.226, 7: 0.947, 8: 0.959, 9: 0.96, 10: 1.044, 11: 0.963, 12: 1.076}",0.762,mice:wireless,0.0206,12,0.2322,True,1,2
PRD00087,SKU-MIC-00087,Ionix Wired Mice IO857,mice,wired,Ionix,IO857,pcs,5520.0,5096.93,4332.39,3713.23,SUP019,,0.2715,2.582,0.723,mature,2023-01-05,,2.1572,"{1: 0.93, 2: 0.933, 3: 1.032, 4: 1.098, 5: 0.947, 6: 1.243, 7: 0.956, 8: 1.03, 9: 0.908, 10: 1.149, 11: 1.031, 12: 1.007}",0.082,mice:wired,0.0394,6,0.1527,True,1,2
PRD00088,SKU-MIC-00088,Pulsar Wired Mice PU458,mice,wired,Pulsar,PU458,pcs,610.0,471.84,401.06,335.66,SUP019,,0.2886,0.205,0.385,decline,2025-09-29,,1.8382,"{1: 1.071, 2: 1.054, 3: 0.904, 4: 0.991, 5: 1.024, 6: 1.141, 7: 0.926, 8: 0.979, 9: 0.982, 10: 1.078, 11: 1.051, 12: 0.964}",0.272,mice:wired,0.0296,12,0.0504,True,1,2
PRD00089,SKU-MIC-00089,Delta Wave Gaming Mice DE368,mice,gaming,Delta Wave,DE368,pcs,2830.0,2283.98,1941.38,1794.44,SUP019,,0.2143,0.128,0.42,mature,2021-08-24,,3.1165,"{1: 1.031, 2: 0.996, 3: 1.001, 4: 0.918, 5: 1.033, 6: 1.234, 7: 0.928, 8: 0.973, 9: 0.91, 10: 1.042, 11: 1.098, 12: 0.999}",0.178,mice:gaming,0.0354,12,0.1051,True,1,2
PRD00090,SKU-MIC-00090,Torque Wired Mice TO528,mice,wired,Torque,TO528,pcs,250.0,201.5,171.28,146.17,SUP019,,0.2746,2.623,0.731,introduction,2024-11-08,,1.6841,"{1: 1.032, 2: 1.051, 3: 0.907, 4: 1.011, 5: 1.015, 6: 1.105, 7: 1.075, 8: 0.933, 9: 0.973, 10: 1.23, 11: 0.938, 12: 1.064}",0.316,mice:wired,0.0363,12,0.3716,True,1,2
PRD00091,SKU-MIC-00091,Corvex Gaming Mice CO704,mice,gaming,Corvex,CO704,pcs,2880.0,2289.06,1945.7,1714.95,SUP019,,0.2508,0.839,0.11,mature,2026-04-09,,1.2065,"{1: 0.979, 2: 1.025, 3: 1.085, 4: 1.097, 5: 1.03, 6: 1.196, 7: 0.964, 8: 1.071, 9: 0.944, 10: 1.059, 11: 1.095, 12: 1.073}",0.354,mice:gaming,0.0236,12,0.1722,True,1,2
PRD00092,SKU-MIC-00092,Delta Wave Wireless Mice DE600,mice,wireless,Delta Wave,DE600,pcs,1270.0,1086.47,923.5,858.15,SUP019,,0.2102,0.512,0.1,mature,2023-09-10,,1.7435,"{1: 0.965, 2: 0.954, 3: 1.03, 4: 0.911, 5: 0.968, 6: 1.194, 7: 0.935, 8: 0.944, 9: 0.94, 10: 1.035, 11: 0.995, 12: 0.908}",0.572,mice:wireless,0.0255,6,0.3099,True,1,2
PRD00093,SKU-MIC-00093,Corvex Wireless Mice CO821,mice,wireless,Corvex,CO821,pcs,370.0,277.5,235.88,222.72,SUP019,,0.1974,0.746,0.47,mature,2023-09-18,,0.3494,"{1: 1.062, 2: 0.968, 3: 1.075, 4: 0.955, 5: 0.932, 6: 1.105, 7: 0.907, 8: 0.956, 9: 1.032, 10: 1.068, 11: 0.922, 12: 0.926}",0.423,mice:wireless,0.0316,6,0.0773,True,1,2
PRD00094,SKU-MIC-00094,Delta Wave Gaming Mice DE795,mice,gaming,Delta Wave,DE795,pcs,1120.0,880.72,748.61,692.04,SUP019,,0.2142,1.348,1.995,mature,2025-01-28,,0.3998,"{1: 0.975, 2: 0.927, 3: 0.959, 4: 0.917, 5: 0.986, 6: 1.073, 7: 0.969, 8: 1.059, 9: 0.949, 10: 1.176, 11: 1.08, 12: 1.013}",0.638,mice:gaming,0.0289,6,0.3652,True,1,2
PRD00095,SKU-ROU-00095,Zolt Enterprise Routers ZO712,routers,enterprise,Zolt,ZO712,pcs,1040.0,780.0,689.69,676.17,SUP008,SUP028|SUP029,0.1331,0.284,0.117,mature,2024-03-16,,1.1654,"{1: 1.085, 2: 1.009, 3: 0.983, 4: 1.098, 5: 0.913, 6: 1.086, 7: 1.0, 8: 1.001, 9: 1.084, 10: 1.001, 11: 0.988, 12: 0.954}",0.741,routers:enterprise,0.0233,12,0.2746,False,1,1
PRD00096,SKU-ROU-00096,Griplex Home Routers GR115,routers,home,Griplex,GR115,pcs,920.0,690.0,614.07,602.03,SUP008,SUP028|SUP029,0.1275,0.09,0.067,mature,2023-09-10,,2.8849,"{1: 0.955, 2: 1.091, 3: 0.963, 4: 0.936, 5: 0.938, 6: 0.996, 7: 1.069, 8: 1.052, 9: 0.987, 10: 0.942, 11: 0.909, 12: 0.993}",0.287,routers:home,0.0425,12,0.2602,False,1,1
PRD00097,SKU-ROU-00097,Zolt Home Routers ZO712,routers,home,Zolt,ZO712,pcs,4120.0,3090.0,2626.5,2428.55,SUP028,SUP008|SUP029,0.2141,0.249,0.386,mature,2025-12-08,,0.601,"{1: 1.082, 2: 1.019, 3: 0.96, 4: 1.036, 5: 1.048, 6: 0.966, 7: 1.065, 8: 0.915, 9: 0.902, 10: 0.925, 11: 0.931, 12: 1.076}",0.849,routers:home,0.0323,24,0.0321,False,1,1
PRD00098,SKU-ROU-00098,Lumo Mesh Routers LU484,routers,mesh,Lumo,LU484,pcs,9190.0,6892.5,6044.92,5926.39,SUP028,SUP008|SUP029,0.1402,0.512,1.501,discontinued,2022-03-03,2024-06-15,4.5428,"{1: 0.989, 2: 1.027, 3: 0.987, 4: 0.949, 5: 1.039, 6: 1.017, 7: 1.004, 8: 1.011, 9: 0.944, 10: 1.036, 11: 0.978, 12: 0.973}",0.845,routers:mesh,0.0466,12,0.2291,False,1,1
PRD00099,SKU-ROU-00099,Ionix Home Routers IO197,routers,home,Ionix,IO197,pcs,2930.0,2370.13,2014.61,1848.77,SUP028,SUP008|SUP029,0.22,0.933,0.193,mature,2024-11-29,,0.4486,"{1: 1.042, 2: 1.014, 3: 1.076, 4: 0.924, 5: 1.036, 6: 0.943, 7: 0.924, 8: 0.993, 9: 0.977, 10: 1.088, 11: 0.965, 12: 1.063}",0.343,routers:home,0.0438,24,0.126,False,1,1
PRD00100,SKU-ROU-00100,Ionix Mesh Routers IO526,routers,mesh,Ionix,IO526,pcs,2500.0,2298.29,2012.29,1972.83,SUP028,SUP008|SUP029,0.1416,0.151,0.06,mature,2024-10-01,,3.687,"{1: 1.019, 2: 1.097, 3: 1.006, 4: 1.06, 5: 1.019, 6: 1.057, 7: 1.031, 8: 1.038, 9: 0.946, 10: 1.048, 11: 0.948, 12: 1.096}",0.571,routers:mesh,0.0417,24,0.2125,False,1,1
PRD00101,SKU-ROU-00101,Novak Home Routers NO730,routers,home,Novak,NO730,pcs,3860.0,2895.0,2526.59,2477.05,SUP028,SUP008|SUP029,0.1444,0.1,0.361,introduction,2022-04-12,,0.278,"{1: 1.083, 2: 1.082, 3: 0.945, 4: 0.962, 5: 0.932, 6: 0.961, 7: 0.967, 8: 1.027, 9: 0.938, 10: 1.084, 11: 0.921, 12: 0.901}",0.414,routers:home,0.0462,24,0.1519,False,1,1
PRD00102,SKU-POW-00102,Pulsar Compact Power Banks PU283,power_banks,compact,Pulsar,PU283,pcs,2470.0,1852.5,1574.62,1527.19,SUP019,SUP003|SUP030,0.1756,0.087,0.073,mature,2024-06-04,,1.6541,"{1: 0.909, 2: 1.005, 3: 1.023, 4: 1.081, 5: 1.241, 6: 0.938, 7: 1.077, 8: 1.053, 9: 0.948, 10: 1.07, 11: 0.963, 12: 0.98}",0.628,power_banks:compact,0.0397,12,0.1214,True,1,2
PRD00103,SKU-POW-00103,Griplex Compact Power Banks GR902,power_banks,compact,Griplex,GR902,pcs,1710.0,1507.81,1283.22,1258.06,SUP030,SUP019|SUP003,0.1656,0.136,0.155,mature,2023-07-27,,0.2388,"{1: 0.955, 2: 1.001, 3: 0.959, 4: 1.114, 5: 1.139, 6: 1.001, 7: 1.097, 8: 0.945, 9: 0.998, 10: 1.069, 11: 0.97, 12: 1.043}",0.701,power_banks:compact,0.0343,12,0.2937,True,1,2
PRD00104,SKU-POW-00104,Griplex High-Capacity Power Banks GR474,power_banks,high-capacity,Griplex,GR474,pcs,3920.0,3678.95,3127.11,2988.19,SUP019,SUP003|SUP030,0.1878,0.252,0.657,discontinued,2021-08-10,2024-05-11,1.2595,"{1: 0.99, 2: 0.933, 3: 0.958, 4: 1.152, 5: 1.227, 6: 0.934, 7: 1.022, 8: 1.051, 9: 1.087, 10: 1.062, 11: 1.085, 12: 1.02}",0.561,power_banks:high-capacity,0.0469,6,0.1219,True,1,2
PRD00105,SKU-POW-00105,Drift High-Capacity Power Banks DR596,power_banks,high-capacity,Drift,DR596,pcs,550.0,417.11,354.54,330.71,SUP019,SUP025|SUP004,0.2071,1.458,0.286,growth,2024-09-26,,0.718,"{1: 0.964, 2: 1.086, 3: 0.966, 4: 1.227, 5: 1.241, 6: 0.997, 7: 1.079, 8: 0.955, 9: 1.032, 10: 1.055, 11: 0.995, 12: 0.943}",0.548,power_banks:high-capacity,0.0312,6,0.0702,True,1,2
PRD00106,SKU-POW-00106,Griplex High-Capacity Power Banks GR536,power_banks,high-capacity,Griplex,GR536,pcs,660.0,645.1,548.34,513.52,SUP019,SUP003|SUP004,0.204,0.98,0.153,growth,2026-02-11,,0.6627,"{1: 1.001, 2: 1.006, 3: 1.032, 4: 1.124, 5: 1.036, 6: 1.035, 7: 0.911, 8: 1.073, 9: 0.905, 10: 1.157, 11: 1.079, 12: 1.014}",0.703,power_banks:high-capacity,0.0314,12,0.1064,True,1,2
PRD00107,SKU-POW-00107,Pulsar Compact Power Banks PU409,power_banks,compact,Pulsar,PU409,pcs,2620.0,2260.13,1921.11,1761.6,SUP019,SUP030|SUP004,0.2206,0.383,0.133,growth,2024-08-24,,3.5304,"{1: 0.99, 2: 0.975, 3: 0.908, 4: 1.102, 5: 1.063, 6: 0.92, 7: 1.012, 8: 0.92, 9: 0.921, 10: 1.146, 11: 0.988, 12: 0.928}",0.696,power_banks:compact,0.0435,6,0.1297,True,1,2
PRD00108,SKU-POW-00108,Pulsar Compact Power Banks PU783,power_banks,compact,Pulsar,PU783,pcs,1980.0,1549.5,1317.08,1279.98,SUP019,SUP003|SUP025,0.1739,0.616,0.251,mature,2024-12-30,,2.6516,"{1: 0.996, 2: 0.912, 3: 0.952, 4: 1.22, 5: 1.208, 6: 1.075, 7: 1.02, 8: 0.985, 9: 0.985, 10: 1.08, 11: 1.03, 12: 1.017}",0.05,power_banks:compact,0.0453,6,0.4777,True,1,2
PRD00109,SKU-CHA-00109,Corvex Car Chargers CO700,chargers,car,Corvex,CO700,pcs,1660.0,1245.0,1058.25,887.03,SUP001,SUP021|SUP026,0.2875,0.486,0.187,mature,2021-11-09,,3.513,"{1: 1.028, 2: 0.969, 3: 0.979, 4: 0.908, 5: 1.084, 6: 0.981, 7: 0.966, 8: 0.917, 9: 1.232, 10: 1.287, 11: 1.09, 12: 0.929}",0.698,chargers:car,0.06,12,0.1473,True,1,3
PRD00110,SKU-CHA-00110,Flux Wireless-Pad Chargers FL354,chargers,wireless-pad,Flux,FL354,pcs,370.0,319.21,271.33,238.24,SUP001,SUP021|SUP026,0.2537,0.139,0.421,growth,2022-09-16,,0.9688,"{1: 0.941, 2: 1.083, 3: 1.051, 4: 1.032, 5: 1.03, 6: 1.081, 7: 1.086, 8: 1.019, 9: 1.18, 10: 1.167, 11: 1.277, 12: 1.029}",0.227,chargers:wireless-pad,0.0389,6,0.0911,True,1,3
PRD00111,SKU-CHA-00111,Corvex Wall Chargers CO844,chargers,wall,Corvex,CO844,pcs,550.0,490.25,416.71,381.51,SUP001,SUP026|SUP021,0.2218,0.704,0.155,growth,2025-02-11,,3.6115,"{1: 0.938, 2: 0.991, 3: 1.086, 4: 1.012, 5: 0.978, 6: 1.096, 7: 0.993, 8: 0.987, 9: 1.179, 10: 1.155, 11: 1.158, 12: 1.038}",0.175,chargers:wall,0.0535,12,0.3918,True,1,3
PRD00112,SKU-CHA-00112,Halo Wireless-Pad Chargers HA555,chargers,wireless-pad,Halo,HA555,pcs,380.0,298.78,253.96,228.87,SUP001,SUP021|SUP026,0.234,0.806,0.113,growth,2023-03-29,,1.0132,"{1: 0.901, 2: 1.086, 3: 1.029, 4: 1.09, 5: 1.063, 6: 1.086, 7: 1.02, 8: 0.971, 9: 1.186, 10: 1.238, 11: 1.182, 12: 1.046}",0.312,chargers:wireless-pad,0.0344,6,0.3154,True,1,3
PRD00113,SKU-CHA-00113,Corvex Wall Chargers CO836,chargers,wall,Corvex,CO836,pcs,1570.0,1482.66,1260.26,972.51,SUP001,SUP021|SUP007,0.3441,0.1,1.264,mature,2021-10-23,,1.7738,"{1: 1.037, 2: 0.922, 3: 0.921, 4: 1.048, 5: 0.911, 6: 1.062, 7: 1.059, 8: 0.928, 9: 1.204, 10: 1.103, 11: 1.232, 12: 0.913}",0.698,chargers:wall,0.0459,6,0.5479,True,1,3
PRD00114,SKU-CHA-00114,Halo Car Chargers HA692,chargers,car,Halo,HA692,pcs,270.0,225.13,191.36,180.09,SUP001,SUP026|SUP021,0.2,1.096,1.025,decline,2026-05-28,,0.4597,"{1: 1.093, 2: 0.961, 3: 0.905, 4: 0.951, 5: 0.934, 6: 1.001, 7: 0.923, 8: 1.025, 9: 1.29, 10: 1.167, 11: 1.12, 12: 0.98}",0.3,chargers:car,0.0499,6,0.0866,True,1,3
PRD00115,SKU-CHA-00115,Flux Wall Chargers FL982,chargers,wall,Flux,FL982,pcs,390.0,359.94,305.95,277.55,SUP026,SUP001|SUP021,0.2289,1.02,1.175,mature,2023-09-19,,0.4737,"{1: 0.969, 2: 1.068, 3: 1.05, 4: 0.96, 5: 1.021, 6: 0.974, 7: 0.9, 8: 1.092, 9: 1.212, 10: 1.224, 11: 1.224, 12: 1.01}",0.089,chargers:wall,0.0586,12,0.2337,True,1,3
PRD00116,SKU-CHA-00116,Corvex Wall Chargers CO397,chargers,wall,Corvex,CO397,pcs,390.0,331.59,281.85,232.34,SUP001,SUP021|SUP026,0.2993,0.439,0.247,growth,2023-03-21,,0.9153,"{1: 1.076, 2: 0.93, 3: 0.904, 4: 1.0, 5: 1.073, 6: 0.965, 7: 0.926, 8: 1.096, 9: 1.242, 10: 1.284, 11: 1.261, 12: 1.04}",0.541,chargers:wall,0.058,6,0.545,True,1,3
PRD00117,SKU-CHA-00117,Flux Car Chargers FL540,chargers,car,Flux,FL540,pcs,1150.0,973.42,827.41,716.43,SUP026,SUP021|SUP001,0.264,3.003,0.149,mature,2024-10-29,,3.5856,"{1: 0.912, 2: 1.02, 3: 0.986, 4: 1.042, 5: 0.909, 6: 1.042, 7: 0.957, 8: 1.03, 9: 1.231, 10: 1.134, 11: 1.186, 12: 1.067}",0.337,chargers:car,0.032,12,0.1926,True,1,3
PRD00118,SKU-CHA-00118,Corvex Wall Chargers CO889,chargers,wall,Corvex,CO889,pcs,1550.0,1162.5,988.12,795.95,SUP001,SUP021|SUP026,0.3153,0.776,0.571,mature,2024-06-25,,0.3219,"{1: 1.057, 2: 0.975, 3: 1.025, 4: 0.946, 5: 1.016, 6: 0.916, 7: 0.987, 8: 0.937, 9: 1.292, 10: 1.187, 11: 1.222, 12: 0.972}",0.361,chargers:wall,0.0513,12,0.0305,True,1,3
PRD00119,SKU-CHA-00119,Halo Car Chargers HA113,chargers,car,Halo,HA113,pcs,930.0,697.5,592.88,544.39,SUP026,SUP001|SUP021,0.2195,0.482,0.493,mature,2024-11-25,,0.0449,"{1: 1.051, 2: 0.974, 3: 1.074, 4: 0.975, 5: 0.935, 6: 1.017, 7: 0.984, 8: 0.903, 9: 1.097, 10: 1.127, 11: 1.265, 12: 1.078}",0.177,chargers:car,0.0455,12,0.0962,True,1,3
PRD00120,SKU-CHA-00120,Halo Wireless-Pad Chargers HA699,chargers,wireless-pad,Halo,HA699,pcs,290.0,250.18,212.65,169.23,SUP021,SUP026|SUP001,0.3236,1.029,0.446,mature,2025-09-11,,2.3498,"{1: 0.94, 2: 1.065, 3: 1.099, 4: 0.92, 5: 0.92, 6: 1.053, 7: 0.913, 8: 0.914, 9: 1.293, 10: 1.272, 11: 1.292, 12: 1.03}",0.619,chargers:wireless-pad,0.0532,12,0.1477,True,1,3
PRD00121,SKU-CAB-00121,Enzo Aux Cables EN654,cables,aux,Enzo,EN654,pcs,260.0,256.83,218.31,154.29,SUP022,SUP009|SUP006,0.3993,0.558,0.385,growth,2023-04-16,,0.6747,"{1: 1.048, 2: 1.076, 3: 1.063, 4: 1.062, 5: 0.993, 6: 1.064, 7: 1.038, 8: 0.926, 9: 0.923, 10: 1.054, 11: 1.025, 12: 1.004}",0.289,cables:aux,0.0499,3,0.526,True,1,4
PRD00122,SKU-CAB-00122,Aurex Hdmi Cables AU653,cables,HDMI,Aurex,AU653,pcs,720.0,540.0,459.0,328.83,SUP006,SUP009|SUP022,0.3911,0.484,0.202,introduction,2023-12-31,,2.9779,"{1: 1.069, 2: 1.044, 3: 0.935, 4: 0.973, 5: 0.932, 6: 1.037, 7: 0.95, 8: 1.005, 9: 1.058, 10: 1.034, 11: 0.96, 12: 0.967}",0.428,cables:HDMI,0.029,3,0.1416,True,1,4
PRD00123,SKU-CAB-00123,Jetstream Lightning Cables JE438,cables,lightning,Jetstream,JE438,pcs,250.0,204.21,173.58,142.1,SUP006,SUP022|SUP009,0.3041,1.662,0.314,growth,2024-12-21,,1.3886,"{1: 1.003, 2: 1.011, 3: 0.95, 4: 1.02, 5: 0.906, 6: 1.029, 7: 1.047, 8: 1.035, 9: 0.966, 10: 1.065, 11: 1.043, 12: 0.926}",0.354,cables:lightning,0.0275,3,0.4429,True,1,4
PRD00124,SKU-CAB-00124,Jetstream Lightning Cables JE590,cables,lightning,Jetstream,JE590,pcs,160.0,120.0,102.0,72.9,SUP022,SUP009|SUP006,0.3925,0.434,1.004,discontinued,2024-06-25,2025-04-02,0.1813,"{1: 0.906, 2: 1.055, 3: 0.923, 4: 1.068, 5: 1.006, 6: 0.912, 7: 1.067, 8: 0.905, 9: 0.928, 10: 1.06, 11: 0.993, 12: 1.076}",0.417,cables:lightning,0.0225,3,0.1177,True,1,4
PRD00125,SKU-CAB-00125,Mistral Hdmi Cables MI596,cables,HDMI,Mistral,MI596,pcs,200.0,184.52,156.84,116.45,SUP022,SUP006|SUP009,0.3689,0.243,0.115,mature,2022-11-02,,1.0698,"{1: 0.95, 2: 0.962, 3: 0.95, 4: 0.954, 5: 1.011, 6: 0.948, 7: 0.979, 8: 1.031, 9: 1.067, 10: 1.039, 11: 1.019, 12: 0.93}",0.688,cables:HDMI,0.0251,6,0.1847,True,1,4
PRD00126,SKU-CAB-00126,Aurex Aux Cables AU411,cables,aux,Aurex,AU411,pcs,340.0,264.93,225.19,174.43,SUP009,SUP022|SUP006,0.3416,0.363,0.487,introduction,2023-07-27,,1.5057,"{1: 1.024, 2: 1.06, 3: 0.977, 4: 0.909, 5: 1.007, 6: 1.099, 7: 1.094, 8: 0.944, 9: 1.051, 10: 0.969, 11: 0.932, 12: 1.033}",0.57,cables:aux,0.0293,6,0.0833,True,1,4
PRD00127,SKU-CAB-00127,Mistral Usb-C Cables MI462,cables,USB-C,Mistral,MI462,pcs,1310.0,1181.6,1004.36,772.0,SUP009,SUP006|SUP022,0.3467,0.212,0.158,mature,2023-05-10,,0.4333,"{1: 0.912, 2: 1.0, 3: 1.031, 4: 1.071, 5: 1.057, 6: 1.071, 7: 1.052, 8: 1.041, 9: 0.902, 10: 1.025, 11: 0.924, 12: 0.912}",0.522,cables:USB-C,0.0446,6,0.1484,True,1,4
PRD00128,SKU-CAB-00128,Jetstream Hdmi Cables JE889,cables,HDMI,Jetstream,JE889,pcs,970.0,727.5,618.38,418.88,SUP009,SUP006|SUP022,0.4242,0.692,0.258,mature,2021-09-26,,3.2098,"{1: 1.099, 2: 1.006, 3: 0.978, 4: 0.979, 5: 0.919, 6: 0.953, 7: 1.0, 8: 0.986, 9: 1.009, 10: 1.07, 11: 0.945, 12: 0.906}",0.584,cables:HDMI,0.0328,3,0.1921,True,1,4
PRD00129,SKU-CAB-00129,Enzo Lightning Cables EN353,cables,lightning,Enzo,EN353,pcs,300.0,290.02,246.52,198.23,SUP009,SUP006|SUP022,0.3165,12.541,0.031,growth,2022-04-04,,0.6311,"{1: 0.938, 2: 0.907, 3: 1.015, 4: 0.917, 5: 0.919, 6: 1.06, 7: 0.998, 8: 0.948, 9: 0.97, 10: 1.046, 11: 0.913, 12: 0.923}",0.734,cables:lightning,0.0443,3,0.3383,True,1,4
PRD00130,SKU-CAB-00130,Aurex Lightning Cables AU225,cables,lightning,Aurex,AU225,pcs,450.0,337.5,286.88,239.78,SUP022,SUP009|SUP006,0.2896,0.024,0.532,discontinued,2021-07-05,2022-03-23,0.8692,"{1: 0.926, 2: 1.073, 3: 0.9, 4: 0.911, 5: 0.973, 6: 1.037, 7: 0.968, 8: 0.913, 9: 0.964, 10: 0.949, 11: 0.901, 12: 1.007}",0.434,cables:lightning,0.0278,6,0.5825,True,1,4
PRD00131,SKU-CAB-00131,Lumo Lightning Cables LU960,cables,lightning,Lumo,LU960,pcs,170.0,127.5,108.38,90.95,SUP022,SUP009|SUP006,0.2866,0.056,0.26,mature,2022-10-20,,1.5099,"{1: 0.985, 2: 0.919, 3: 0.99, 4: 0.909, 5: 0.901, 6: 1.086, 7: 1.038, 8: 1.012, 9: 0.968, 10: 1.014, 11: 1.078, 12: 1.03}",0.519,cables:lightning,0.042,6,0.1983,True,1,4
PRD00132,SKU-CAB-00132,Aurex Lightning Cables AU804,cables,lightning,Aurex,AU804,pcs,1460.0,1204.21,1023.58,732.94,SUP009,SUP022|SUP006,0.3914,0.204,0.105,mature,2023-08-03,,1.1655,"{1: 0.939, 2: 0.997, 3: 0.909, 4: 0.983, 5: 1.058, 6: 0.93, 7: 0.992, 8: 1.098, 9: 1.001, 10: 1.0, 11: 1.012, 12: 0.937}",0.561,cables:lightning,0.0416,6,0.2482,True,1,4
PRD00133,SKU-CAB-00133,Jetstream Lightning Cables JE774,cables,lightning,Jetstream,JE774,pcs,280.0,223.87,190.29,141.1,SUP006,SUP009|SUP022,0.3697,0.089,0.215,growth,2024-02-25,,0.0759,"{1: 0.987, 2: 1.082, 3: 0.998, 4: 1.064, 5: 0.945, 6: 0.97, 7: 0.915, 8: 0.984, 9: 1.034, 10: 1.068, 11: 1.013, 12: 1.028}",0.244,cables:lightning,0.0353,3,0.0741,True,1,4
PRD00134,SKU-CAB-00134,Aurex Aux Cables AU418,cables,aux,Aurex,AU418,pcs,280.0,210.0,178.5,122.5,SUP006,SUP009|SUP022,0.4166,0.631,1.09,decline,2024-07-11,,2.7481,"{1: 1.068, 2: 0.915, 3: 1.06, 4: 0.907, 5: 0.906, 6: 0.992, 7: 0.944, 8: 1.019, 9: 0.905, 10: 0.907, 11: 1.045, 12: 0.942}",0.426,cables:aux,0.0465,6,0.1259,True,1,4
PRD00135,SKU-CAB-00135,Enzo Usb-C Cables EN604,cables,USB-C,Enzo,EN604,pcs,390.0,292.5,248.62,162.71,SUP022,SUP006|SUP009,0.4437,0.183,0.324,decline,2026-02-27,,1.7923,"{1: 1.004, 2: 0.932, 3: 1.045, 4: 0.918, 5: 1.039, 6: 1.07, 7: 0.97, 8: 1.042, 9: 0.931, 10: 1.069, 11: 1.09, 12: 0.931}",0.312,cables:USB-C,0.0284,6,0.257,True,1,4
PRD00136,SKU-SMA-00136,Blitzo Fitness Smartwatches BL624,smartwatches,fitness,Blitzo,BL624,pcs,22810.0,18423.66,15660.11,14210.7,SUP003,SUP005|SUP002,0.2287,0.185,1.013,discontinued,2025-01-02,2025-09-04,4.802,"{1: 0.994, 2: 0.97, 3: 1.028, 4: 1.004, 5: 0.926, 6: 1.074, 7: 0.972, 8: 0.987, 9: 0.941, 10: 1.314, 11: 1.353, 12: 1.399}",0.537,smartwatches:fitness,0.0382,12,0.2073,False,1,1
PRD00137,SKU-SMA-00137,Nimbus Kids Smartwatches NI326,smartwatches,kids,Nimbus,NI326,pcs,5720.0,4890.86,4157.23,3889.76,SUP003,SUP002|SUP005,0.2047,0.144,0.184,decline,2022-12-06,,0.0505,"{1: 1.052, 2: 1.059, 3: 0.931, 4: 1.011, 5: 1.063, 6: 0.932, 7: 0.942, 8: 0.9, 9: 1.005, 10: 1.221, 11: 1.358, 12: 1.42}",0.797,smartwatches:kids,0.0341,6,0.1397,False,1,1
PRD00138,SKU-SMA-00138,Quanta Classic Smartwatches QU580,smartwatches,classic,Quanta,QU580,pcs,2040.0,1727.49,1468.37,1426.95,SUP003,SUP002|SUP005,0.174,0.103,0.399,mature,2024-11-29,,0.2012,"{1: 0.922, 2: 1.083, 3: 1.02, 4: 0.978, 5: 1.001, 6: 0.963, 7: 1.071, 8: 1.015, 9: 0.999, 10: 1.407, 11: 1.388, 12: 1.381}",0.412,smartwatches:classic,0.0418,12,0.1816,False,1,1
PRD00139,SKU-SMA-00139,Bravado Fitness Smartwatches BR149,smartwatches,fitness,Bravado,BR149,pcs,6280.0,5970.57,5159.27,5058.11,SUP003,SUP005|SUP002,0.1528,3.137,0.283,mature,2022-11-23,,1.2273,"{1: 1.047, 2: 1.091, 3: 1.073, 4: 0.98, 5: 1.021, 6: 1.098, 7: 1.014, 8: 0.923, 9: 0.909, 10: 1.375, 11: 1.28, 12: 1.234}",0.246,smartwatches:fitness,0.038,12,0.2417,False,1,1
PRD00140,SKU-SMA-00140,Quanta Kids Smartwatches QU328,smartwatches,kids,Quanta,QU328,pcs,11080.0,10241.06,9166.63,8986.89,SUP005,SUP003|SUP002,0.1225,3.587,0.169,growth,2023-02-04,,1.3413,"{1: 1.055, 2: 0.908, 3: 1.089, 4: 0.909, 5: 1.018, 6: 1.015, 7: 1.057, 8: 0.93, 9: 0.936, 10: 1.366, 11: 1.209, 12: 1.292}",0.61,smartwatches:kids,0.0476,12,0.4411,False,1,1
PRD00141,SKU-SMA-00141,Blitzo Fitness Smartwatches BL912,smartwatches,fitness,Blitzo,BL912,pcs,3810.0,3019.12,2566.25,2294.72,SUP002,SUP003|SUP005,0.2399,0.07,0.176,growth,2022-07-30,,1.0006,"{1: 1.078, 2: 0.949, 3: 1.085, 4: 1.004, 5: 0.952, 6: 1.069, 7: 0.907, 8: 1.012, 9: 1.044, 10: 1.243, 11: 1.395, 12: 1.232}",0.84,smartwatches:fitness,0.0351,12,0.5741,False,1,1
PRD00142,SKU-SMA-00142,Quanta Classic Smartwatches QU306,smartwatches,classic,Quanta,QU306,pcs,5520.0,4140.0,3537.32,3467.96,SUP003,SUP002|SUP005,0.1623,0.349,1.331,mature,2025-03-31,,0.2442,"{1: 1.094, 2: 1.092, 3: 1.064, 4: 1.02, 5: 1.05, 6: 0.936, 7: 0.996, 8: 0.951, 9: 0.901, 10: 1.421, 11: 1.395, 12: 1.304}",0.458,smartwatches:classic,0.0494,12,0.0532,False,1,1
PRD00143,SKU-SMA-00143,Blitzo Fitness Smartwatches BL173,smartwatches,fitness,Blitzo,BL173,pcs,1270.0,952.5,841.62,825.12,SUP003,SUP002|SUP005,0.1337,0.994,1.093,decline,2023-06-08,,2.0593,"{1: 0.925, 2: 0.982, 3: 1.07, 4: 0.949, 5: 0.953, 6: 1.062, 7: 0.955, 8: 0.901, 9: 0.986, 10: 1.173, 11: 1.407, 12: 1.337}",0.534,smartwatches:fitness,0.0377,12,0.4118,False,1,1
PRD00144,SKU-WEB-00144,Zenith 4K Webcams ZE824,webcams,4K,Zenith,ZE824,pcs,2700.0,2094.79,1796.46,1761.24,SUP012,SUP022|SUP011,0.1592,1.489,0.029,mature,2024-08-25,,1.7904,"{1: 0.945, 2: 0.971, 3: 1.088, 4: 1.077, 5: 1.012, 6: 1.095, 7: 1.089, 8: 0.912, 9: 1.078, 10: 1.064, 11: 0.991, 12: 0.956}",0.266,webcams:4K,0.0291,12,0.2135,True,1,1
PRD00145,SKU-WEB-00145,Zenith Hd Webcams ZE980,webcams,HD,Zenith,ZE980,pcs,1190.0,892.5,758.62,726.63,SUP012,SUP009|SUP011,0.1858,1.333,0.11,growth,2022-04-01,,6.416,"{1: 0.984, 2: 0.926, 3: 0.985, 4: 0.978, 5: 0.907, 6: 1.051, 7: 1.155, 8: 1.016, 9: 1.061, 10: 1.009, 11: 1.071, 12: 1.059}",0.575,webcams:HD,0.0368,12,0.3811,True,1,1
PRD00146,SKU-WEB-00146,Xenon Hd Webcams XE638,webcams,HD,Xenon,XE638,pcs,2070.0,1972.68,1718.24,1684.55,SUP012,SUP009|SUP022,0.1461,0.745,0.376,mature,2025-04-16,,1.848,"{1: 0.983, 2: 0.949, 3: 0.909, 4: 1.018, 5: 1.082, 6: 1.139, 7: 1.06, 8: 1.029, 9: 1.066, 10: 0.995, 11: 1.064, 12: 0.978}",0.652,webcams:HD,0.0382,12,0.1466,True,1,1
PRD00147,SKU-WEB-00147,Jetstream 4K Webcams JE455,webcams,4K,Jetstream,JE455,pcs,3180.0,2385.0,2027.25,1966.45,SUP012,SUP011|SUP009,0.1755,0.796,0.523,introduction,2024-05-02,,1.1367,"{1: 1.055, 2: 0.938, 3: 1.011, 4: 0.932, 5: 0.981, 6: 1.136, 7: 1.098, 8: 0.976, 9: 1.077, 10: 1.055, 11: 1.005, 12: 1.09}",0.679,webcams:4K,0.0369,12,0.2709,True,1,1
PRD00148,SKU-WEB-00148,Zenith 4K Webcams ZE551,webcams,4K,Zenith,ZE551,pcs,1400.0,1050.0,892.5,836.41,SUP012,SUP011|SUP009,0.2034,0.316,0.202,decline,2023-01-27,,0.0668,"{1: 1.095, 2: 0.98, 3: 0.932, 4: 0.911, 5: 1.027, 6: 1.206, 7: 1.187, 8: 1.04, 9: 1.098, 10: 1.045, 11: 0.968, 12: 1.02}",0.495,webcams:4K,0.0372,12,0.3233,True,1,1
PRD00149,SKU-WEB-00149,Jetstream 4K Webcams JE737,webcams,4K,Jetstream,JE737,pcs,2300.0,1839.0,1587.0,1555.88,SUP012,SUP009|SUP022,0.154,0.451,0.138,growth,2023-02-17,,0.9205,"{1: 1.036, 2: 1.013, 3: 0.988, 4: 0.97, 5: 0.945, 6: 1.1, 7: 0.996, 8: 0.966, 9: 1.036, 10: 0.922, 11: 0.913, 12: 1.03}",0.371,webcams:4K,0.0271,12,0.24,True,1,1
PRD00150,SKU-WEB-00150,Xenon 4K Webcams XE647,webcams,4K,Xenon,XE647,pcs,3820.0,3639.44,3093.52,2903.42,SUP012,SUP022|SUP011,0.2022,0.362,0.208,growth,2025-08-03,,0.5242,"{1: 1.097, 2: 0.974, 3: 1.049, 4: 1.021, 5: 1.033, 6: 1.153, 7: 1.155, 8: 1.077, 9: 0.97, 10: 1.031, 11: 0.956, 12: 1.019}",0.766,webcams:4K,0.0305,12,0.3628,True,1,1
PRD00151,SKU-WEB-00151,Torque Hd Webcams TO334,webcams,HD,Torque,TO334,pcs,7350.0,5512.5,4685.62,4570.43,SUP012,SUP011|SUP009,0.1709,0.109,0.052,mature,2024-11-12,,0.77,"{1: 1.055, 2: 1.045, 3: 1.043, 4: 1.043, 5: 1.078, 6: 1.121, 7: 1.203, 8: 0.924, 9: 1.026, 10: 1.043, 11: 0.995, 12: 0.958}",0.495,webcams:HD,0.0254,12,0.4925,True,1,1
PRD00152,SKU-WEB-00152,Zenith Hd Webcams ZE455,webcams,HD,Zenith,ZE455,pcs,1120.0,921.28,783.09,740.26,SUP012,SUP022|SUP011,0.1965,0.122,3.145,mature,2024-12-15,,0.6683,"{1: 0.955, 2: 1.053, 3: 0.963, 4: 1.026, 5: 1.02, 6: 1.002, 7: 0.991, 8: 0.912, 9: 0.926, 10: 0.952, 11: 1.081, 12: 1.004}",0.483,webcams:HD,0.0239,12,0.1728,True,1,1
PRD00153,SKU-WEB-00153,Xenon Hd Webcams XE768,webcams,HD,Xenon,XE768,pcs,7170.0,5377.5,4570.88,4302.72,SUP011,SUP022|SUP012,0.1999,0.232,0.305,introduction,2022-09-29,,1.7748,"{1: 0.905, 2: 0.905, 3: 1.011, 4: 1.097, 5: 1.096, 6: 1.064, 7: 1.096, 8: 0.92, 9: 1.004, 10: 1.02, 11: 0.95, 12: 1.022}",0.093,webcams:HD,0.0344,12,0.1829,True,1,1
PRD00154,SKU-WEB-00154,Xenon 4K Webcams XE662,webcams,4K,Xenon,XE662,pcs,1140.0,855.0,726.75,672.16,SUP011,SUP022|SUP012,0.2139,1.098,0.105,growth,2023-09-29,,0.901,"{1: 0.986, 2: 0.925, 3: 0.977, 4: 1.071, 5: 0.928, 6: 1.118, 7: 1.079, 8: 0.934, 9: 0.902, 10: 0.955, 11: 0.912, 12: 0.975}",0.277,webcams:4K,0.0302,12,0.0706,True,1,1
PRD00155,SKU-WEB-00155,Xenon 4K Webcams XE295,webcams,4K,Xenon,XE295,pcs,1810.0,1357.5,1153.88,1095.53,SUP011,SUP009|SUP012,0.193,0.125,0.078,decline,2022-09-29,,0.3911,"{1: 0.996, 2: 1.015, 3: 1.067, 4: 1.054, 5: 1.035, 6: 1.048, 7: 1.095, 8: 0.967, 9: 0.947, 10: 0.902, 11: 0.968, 12: 0.951}",0.416,webcams:4K,0.0349,12,0.3312,True,1,1
PRD00156,SKU-WEB-00156,Torque Hd Webcams TO403,webcams,HD,Torque,TO403,pcs,1260.0,1154.99,981.74,882.65,SUP022,SUP012|SUP011,0.2358,0.028,1.687,decline,2024-05-18,,2.3395,"{1: 1.1, 2: 0.963, 3: 0.992, 4: 1.07, 5: 0.961, 6: 1.089, 7: 1.136, 8: 0.926, 9: 0.984, 10: 0.962, 11: 1.035, 12: 0.927}",0.243,webcams:HD,0.0201,12,0.1541,True,1,1
PRD00157,SKU-WEB-00157,Jetstream Hd Webcams JE185,webcams,HD,Jetstream,JE185,pcs,6400.0,4800.0,4080.0,3780.49,SUP022,SUP009|SUP012,0.2124,0.262,0.106,mature,2021-11-23,,0.2404,"{1: 0.99, 2: 1.014, 3: 1.06, 4: 1.086, 5: 0.983, 6: 1.148, 7: 1.033, 8: 1.007, 9: 0.904, 10: 1.001, 11: 1.009, 12: 1.047}",0.814,webcams:HD,0.0371,12,0.0319,True,1,1
PRD00158,SKU-WEB-00158,Zenith 4K Webcams ZE392,webcams,4K,Zenith,ZE392,pcs,1630.0,1558.32,1324.57,1272.15,SUP012,SUP022|SUP009,0.1836,2.336,0.326,growth,2024-08-24,,1.0874,"{1: 1.077, 2: 1.041, 3: 1.039, 4: 0.975, 5: 0.969, 6: 0.991, 7: 1.206, 8: 1.021, 9: 0.98, 10: 1.009, 11: 0.908, 12: 0.935}",0.689,webcams:4K,0.0311,12,0.1729,True,1,1
PRD00159,SKU-WEB-00159,Jetstream 4K Webcams JE161,webcams,4K,Jetstream,JE161,pcs,4420.0,4314.45,3667.28,3401.69,SUP022,SUP012|SUP011,0.2116,1.03,0.035,mature,2025-05-25,,0.9272,"{1: 0.939, 2: 0.975, 3: 1.021, 4: 1.056, 5: 0.973, 6: 1.128, 7: 1.096, 8: 1.069, 9: 1.014, 10: 0.958, 11: 1.041, 12: 1.064}",0.441,webcams:4K,0.0238,12,0.2842,True,1,1
PRD00160,SKU-PRI-00160,Griplex Laser Printers GR454,printers,laser,Griplex,GR454,pcs,19820.0,14865.0,13887.51,13615.21,SUP027,SUP010|SUP030,0.0841,0.698,0.528,mature,2025-12-16,,0.6497,"{1: 1.042, 2: 1.051, 3: 0.978, 4: 1.031, 5: 1.022, 6: 1.205, 7: 1.2, 8: 0.917, 9: 0.932, 10: 0.927, 11: 1.086, 12: 1.083}",0.159,printers:laser,0.0272,12,0.1489,False,1,1
PRD00161,SKU-PRI-00161,Aurex All-In-One Printers AU229,printers,all-in-one,Aurex,AU229,pcs,16890.0,12667.5,10870.16,10657.02,SUP027,SUP010|SUP030,0.1587,0.292,0.194,mature,2025-03-10,,2.6552,"{1: 0.977, 2: 0.956, 3: 0.981, 4: 1.024, 5: 0.962, 6: 1.075, 7: 1.235, 8: 1.094, 9: 0.992, 10: 0.965, 11: 0.909, 12: 0.907}",0.591,printers:all-in-one,0.0215,24,0.25,False,1,1
PRD00162,SKU-PRI-00162,Drift Inkjet Printers DR670,printers,inkjet,Drift,DR670,pcs,5860.0,4984.14,4316.93,4232.28,SUP027,SUP010|SUP030,0.1509,0.399,0.249,mature,2023-08-05,,1.6696,"{1: 1.007, 2: 0.968, 3: 0.995, 4: 0.953, 5: 0.926, 6: 1.043, 7: 1.071, 8: 1.091, 9: 1.015, 10: 0.998, 11: 0.977, 12: 1.042}",0.515,printers:inkjet,0.0257,12,0.0769,False,1,1
PRD00163,SKU-UPS-00163,Novak Line-Interactive Ups Devices NO592,ups_devices,line-interactive,Novak,NO592,pcs,2640.0,1980.0,1801.64,1766.31,SUP003,SUP018,0.1079,0.301,0.137,mature,2024-08-04,,0.4768,"{1: 0.903, 2: 0.943, 3: 1.048, 4: 1.071, 5: 1.08, 6: 1.174, 7: 1.157, 8: 1.32, 9: 1.054, 10: 1.007, 11: 0.951, 12: 0.964}",0.425,ups_devices:line-interactive,0.0126,24,0.0964,False,1,1
PRD00164,SKU-UPS-00164,Torque Line-Interactive Ups Devices TO828,ups_devices,line-interactive,Torque,TO828,pcs,12520.0,9390.0,8528.88,8361.65,SUP018,SUP003,0.1095,1.7,0.106,decline,2025-04-04,,0.3213,"{1: 1.099, 2: 0.932, 3: 1.02, 4: 1.086, 5: 1.067, 6: 1.235, 7: 1.252, 8: 1.112, 9: 0.902, 10: 0.987, 11: 0.918, 12: 0.972}",0.329,ups_devices:line-interactive,0.0157,24,0.3803,False,1,1
PRD00165,SKU-UPS-00165,Drift Online Ups Devices DR687,ups_devices,online,Drift,DR687,pcs,9750.0,7312.5,6437.33,6311.11,SUP018,SUP003,0.1369,0.297,0.444,mature,2022-01-02,,0.5343,"{1: 0.908, 2: 1.081, 3: 1.091, 4: 0.901, 5: 0.943, 6: 1.123, 7: 1.268, 8: 1.224, 9: 0.935, 10: 1.063, 11: 0.971, 12: 0.992}",0.361,ups_devices:online,0.0123,24,0.1012,False,1,1
PRD00166,SKU-UPS-00166,Torque Online Ups Devices TO336,ups_devices,online,Torque,TO336,pcs,7650.0,5737.5,4876.88,4722.64,SUP003,SUP018,0.1769,1.693,0.59,growth,2025-12-31,,2.3486,"{1: 1.032, 2: 0.905, 3: 1.0, 4: 1.046, 5: 0.938, 6: 1.187, 7: 1.208, 8: 1.257, 9: 1.093, 10: 1.07, 11: 1.024, 12: 1.017}",0.24,ups_devices:online,0.0249,12,0.3409,False,1,1
PRD00167,SKU-UPS-00167,Novak Line-Interactive Ups Devices NO704,ups_devices,line-interactive,Novak,NO704,pcs,4670.0,4364.23,3997.59,3919.21,SUP003,SUP018,0.102,0.235,0.19,growth,2022-02-10,,0.4295,"{1: 0.967, 2: 1.092, 3: 1.002, 4: 1.065, 5: 0.926, 6: 1.144, 7: 1.307, 8: 1.172, 9: 1.03, 10: 1.095, 11: 1.01, 12: 0.961}",0.684,ups_devices:line-interactive,0.0122,12,0.3167,False,1,1
PRD00168,SKU-STO-00168,Bravado External-Hdd Storage Devices BR982,storage_devices,external-HDD,Bravado,BR982,pcs,400.0,304.8,259.08,251.14,SUP001,SUP011|SUP027,0.1761,0.02,0.383,introduction,2025-11-03,,1.4969,"{1: 0.932, 2: 1.058, 3: 1.011, 4: 0.975, 5: 0.929, 6: 1.1, 7: 1.024, 8: 0.988, 9: 0.974, 10: 1.081, 11: 1.064, 12: 1.062}",0.723,storage_devices:external-HDD,0.0208,12,0.119,True,1,2
PRD00169,SKU-STO-00169,Orbex Pendrive Storage Devices OR985,storage_devices,pendrive,Orbex,OR985,pcs,2400.0,1800.0,1530.0,1496.05,SUP027,SUP001|SUP013,0.1689,1.219,0.372,mature,2025-05-06,,1.7538,"{1: 1.069, 2: 0.964, 3: 1.048, 4: 0.921, 5: 0.928, 6: 0.983, 7: 0.911, 8: 1.09, 9: 1.08, 10: 0.91, 11: 1.068, 12: 1.002}",0.697,storage_devices:pendrive,0.0321,60,0.2196,True,1,2
PRD00170,SKU-STO-00170,Orbex Memory-Card Storage Devices OR597,storage_devices,memory-card,Orbex,OR597,pcs,1420.0,1226.2,1121.01,1099.03,SUP001,SUP013|SUP011,0.1037,1.059,0.266,growth,2024-04-23,,1.6936,"{1: 1.052, 2: 1.059, 3: 1.055, 4: 0.928, 5: 1.01, 6: 0.985, 7: 1.098, 8: 1.031, 9: 1.087, 10: 0.929, 11: 0.99, 12: 1.054}",0.601,storage_devices:memory-card,0.0446,36,0.2018,True,1,2
PRD00171,SKU-STO-00171,Vertex External-Hdd Storage Devices VE520,storage_devices,external-HDD,Vertex,VE520,pcs,2550.0,2118.33,1875.82,1839.04,SUP001,SUP011|SUP027,0.1318,0.593,0.067,decline,2025-05-23,,0.3358,"{1: 0.949, 2: 1.017, 3: 0.964, 4: 1.066, 5: 0.922, 6: 1.016, 7: 0.932, 8: 1.006, 9: 1.011, 10: 1.028, 11: 0.985, 12: 1.002}",0.68,storage_devices:external-HDD,0.0311,12,0.1171,True,1,2
PRD00172,SKU-STO-00172,Bravado External-Hdd Storage Devices BR783,storage_devices,external-HDD,Bravado,BR783,pcs,2660.0,2468.21,2097.98,1975.29,SUP027,SUP001|SUP011,0.1997,0.289,1.392,introduction,2021-09-20,,0.4142,"{1: 0.967, 2: 0.948, 3: 1.065, 4: 0.979, 5: 1.048, 6: 0.988, 7: 0.918, 8: 0.988, 9: 1.002, 10: 0.992, 11: 1.063, 12: 1.082}",0.332,storage_devices:external-HDD,0.028,36,0.264,True,1,2
PRD00173,SKU-STO-00173,Orbex Memory-Card Storage Devices OR340,storage_devices,memory-card,Orbex,OR340,pcs,10410.0,7807.5,6636.38,6231.57,SUP001,SUP027|SUP011,0.2018,0.419,0.198,mature,2023-09-24,,0.0471,"{1: 1.096, 2: 1.038, 3: 0.91, 4: 0.919, 5: 0.918, 6: 1.091, 7: 1.037, 8: 0.986, 9: 0.94, 10: 1.075, 11: 0.94, 12: 1.041}",0.494,storage_devices:memory-card,0.039,36,0.1565,True,1,2
PRD00174,SKU-ACC-00174,Flux Cases Accessories FL676,accessories,cases,Flux,FL676,pcs,460.0,402.17,341.84,262.75,SUP009,SUP013,0.3467,0.085,0.132,discontinued,2025-06-13,2026-06-20,0.6277,"{1: 1.095, 2: 0.991, 3: 1.03, 4: 1.016, 5: 0.964, 6: 0.951, 7: 1.098, 8: 0.941, 9: 1.217, 10: 1.069, 11: 1.22, 12: 0.937}",0.946,accessories:cases,0.0466,0,0.2722,True,1,3
PRD00175,SKU-ACC-00175,Delta Wave Screen-Guards Accessories DE329,accessories,screen-guards,Delta Wave,DE329,pcs,1550.0,1162.5,988.12,795.8,SUP009,SUP013,0.3154,12.747,0.084,growth,2025-01-11,,1.2387,"{1: 1.016, 2: 0.997, 3: 0.952, 4: 1.058, 5: 0.939, 6: 0.948, 7: 1.068, 8: 1.048, 9: 1.176, 10: 1.044, 11: 1.064, 12: 1.0}",0.542,accessories:screen-guards,0.0511,3,0.1601,True,1,3
PRD00176,SKU-ACC-00176,Delta Wave Bags Accessories DE138,accessories,bags,Delta Wave,DE138,pcs,340.0,255.0,216.75,186.99,SUP009,SUP013,0.2667,0.198,0.845,discontinued,2024-02-12,2026-05-17,2.0688,"{1: 1.041, 2: 1.032, 3: 1.007, 4: 1.082, 5: 0.921, 6: 0.93, 7: 0.977, 8: 1.031, 9: 1.169, 10: 1.052, 11: 1.255, 12: 0.961}",0.831,accessories:bags,0.0318,0,0.3734,True,1,3
PRD00177,SKU-ACC-00177,Wyvern Bags Accessories WY845,accessories,bags,Wyvern,WY845,pcs,750.0,562.5,478.12,381.13,SUP009,SUP013,0.3224,0.287,0.708,decline,2025-05-06,,0.5256,"{1: 1.015, 2: 1.069, 3: 0.939, 4: 0.937, 5: 0.988, 6: 0.901, 7: 1.039, 8: 0.959, 9: 1.163, 10: 1.051, 11: 1.074, 12: 1.025}",0.821,accessories:bags,0.0495,3,0.16,True,1,3
PRD00178,SKU-ACC-00178,Flux Screen-Guards Accessories FL164,accessories,screen-guards,Flux,FL164,pcs,760.0,615.12,522.85,387.86,SUP009,SUP013,0.3695,0.343,0.426,decline,2024-11-16,,0.8114,"{1: 0.921, 2: 1.088, 3: 0.928, 4: 0.952, 5: 1.038, 6: 1.042, 7: 0.932, 8: 1.063, 9: 1.152, 10: 1.23, 11: 1.055, 12: 0.909}",0.586,accessories:screen-guards,0.0551,3,0.1504,True,1,3
PRD00179,SKU-ACC-00179,Flux Stands Accessories FL961,accessories,stands,Flux,FL961,pcs,2580.0,2091.82,1778.05,1383.1,SUP013,SUP009,0.3388,0.132,0.114,mature,2025-03-18,,4.1592,"{1: 1.073, 2: 0.911, 3: 0.968, 4: 0.927, 5: 0.996, 6: 0.946, 7: 1.09, 8: 1.012, 9: 1.241, 10: 1.099, 11: 1.041, 12: 1.055}",0.809,accessories:stands,0.0468,0,0.4556,True,1,3
PRD00180,SKU-ACC-00180,Delta Wave Screen-Guards Accessories DE300,accessories,screen-guards,Delta Wave,DE300,pcs,320.0,275.85,234.47,164.74,SUP009,SUP013,0.4028,0.568,0.067,growth,2021-07-05,,0.8888,"{1: 1.018, 2: 1.018, 3: 0.973, 4: 1.013, 5: 0.964, 6: 0.9, 7: 1.073, 8: 0.986, 9: 1.148, 10: 1.054, 11: 1.228, 12: 0.934}",0.399,accessories:screen-guards,0.0416,0,0.2304,True,1,3
